-- phpMyAdmin SQL Dump
-- version 5.1.1
-- https://www.phpmyadmin.net/
--
-- Máy chủ: 127.0.0.1
-- Thời gian đã tạo: Th12 01, 2021 lúc 12:41 PM
-- Phiên bản máy phục vụ: 10.4.20-MariaDB
-- Phiên bản PHP: 8.0.9

SET SQL_MODE = "NO_AUTO_VALUE_ON_ZERO";
START TRANSACTION;
SET time_zone = "+00:00";


/*!40101 SET @OLD_CHARACTER_SET_CLIENT=@@CHARACTER_SET_CLIENT */;
/*!40101 SET @OLD_CHARACTER_SET_RESULTS=@@CHARACTER_SET_RESULTS */;
/*!40101 SET @OLD_COLLATION_CONNECTION=@@COLLATION_CONNECTION */;
/*!40101 SET NAMES utf8mb4 */;

--
-- Cơ sở dữ liệu: `newportal`
--

-- --------------------------------------------------------

--
-- Cấu trúc bảng cho bảng `tbladmin`
--

CREATE TABLE `tbladmin` (
  `id` int(11) NOT NULL,
  `AdminUserName` varchar(255) NOT NULL,
  `AdminPassword` varchar(255) NOT NULL,
  `AdminEmailId` varchar(255) NOT NULL,
  `Is_Active` int(11) NOT NULL,
  `CreationDate` timestamp NOT NULL DEFAULT current_timestamp(),
  `UpdationDate` timestamp NULL DEFAULT '0000-00-00 00:00:00' ON UPDATE current_timestamp()
) ENGINE=InnoDB DEFAULT CHARSET=latin1;

--
-- Đang đổ dữ liệu cho bảng `tbladmin`
--

INSERT INTO `tbladmin` (`id`, `AdminUserName`, `AdminPassword`, `AdminEmailId`, `Is_Active`, `CreationDate`, `UpdationDate`) VALUES
(1, 'admin', '$2y$12$i4LMfeFPQpGSNPTaccIkKuwxAkJ4PhBr3JND7FpXwWFjRvchQn17C', 'phpgurukulofficial@gmail.com', 1, '2018-05-27 17:51:00', '2018-10-24 18:21:07');

-- --------------------------------------------------------

--
-- Cấu trúc bảng cho bảng `tblcategory`
--

CREATE TABLE `tblcategory` (
  `id` int(11) NOT NULL,
  `CategoryName` varchar(200) CHARACTER SET utf8mb4 COLLATE utf8mb4_unicode_ci DEFAULT NULL,
  `Description` mediumtext CHARACTER SET utf8mb4 COLLATE utf8mb4_unicode_ci DEFAULT NULL,
  `PostingDate` timestamp NULL DEFAULT current_timestamp(),
  `UpdationDate` timestamp NULL DEFAULT NULL,
  `Is_Active` int(1) DEFAULT NULL
) ENGINE=InnoDB DEFAULT CHARSET=latin1;

--
-- Đang đổ dữ liệu cho bảng `tblcategory`
--

INSERT INTO `tblcategory` (`id`, `CategoryName`, `Description`, `PostingDate`, `UpdationDate`, `Is_Active`) VALUES
(8, 'Chương trình hành động', 'Ba chương trình hành động của Quỹ bao gồm: chương trình River Ơi, Nhà Chống Lũ, Hạnh Phúc Xanh, tương ứng với các mục tiêu \"Con người bền vững - Cộng đồng bền vững - Môi trường bền vững\".', '2021-11-29 02:47:49', NULL, 1),
(10, 'Tin tức', 'Các bài viết liên quan đến lũ lụt miền Trung', '2021-11-29 22:04:28', NULL, 1),
(11, 'Lịch sử tài trợ', 'thư mời hợp tác và tin tài trợ', '2021-11-29 22:07:03', NULL, 1);

-- --------------------------------------------------------

--
-- Cấu trúc bảng cho bảng `tblcomments`
--

CREATE TABLE `tblcomments` (
  `id` int(11) NOT NULL,
  `postId` char(11) CHARACTER SET utf8mb4 COLLATE utf8mb4_unicode_ci DEFAULT NULL,
  `name` varchar(120) CHARACTER SET utf8mb4 COLLATE utf8mb4_unicode_ci DEFAULT NULL,
  `email` varchar(150) CHARACTER SET utf8mb4 COLLATE utf8mb4_unicode_ci DEFAULT NULL,
  `comment` mediumtext CHARACTER SET utf8mb4 COLLATE utf8mb4_unicode_ci DEFAULT NULL,
  `postingDate` timestamp NULL DEFAULT current_timestamp(),
  `status` int(1) DEFAULT NULL
) ENGINE=InnoDB DEFAULT CHARSET=latin1;

--
-- Đang đổ dữ liệu cho bảng `tblcomments`
--

INSERT INTO `tblcomments` (`id`, `postId`, `name`, `email`, `comment`, `postingDate`, `status`) VALUES
(1, '12', 'Anuj', 'anuj@gmail.com', 'Cras sit amet nibh libero, in gravida nulla. Nulla vel metus scelerisque ante sollicitudin. Cras purus odio, vestibulum in vulputate at, tempus viverra turpis.', '2018-11-21 11:06:22', 0),
(2, '12', 'Test user', 'test@gmail.com', 'This is sample text for testing.', '2018-11-21 11:25:56', 1),
(3, '7', 'ABC', 'abc@test.com', 'This is sample text for testing.', '2018-11-21 11:27:06', 1),
(4, '11', 'a', 'a@gmail.com', 'hello ', '2021-11-17 23:20:27', 1),
(18, '14', 'Trần Mạnh Cường', 'quan@gmail.com', 'hay', '2021-11-30 09:45:17', 1);

-- --------------------------------------------------------

--
-- Cấu trúc bảng cho bảng `tblposts`
--

CREATE TABLE `tblposts` (
  `id` int(11) NOT NULL,
  `PostTitle` longtext CHARACTER SET utf8mb4 COLLATE utf8mb4_unicode_ci DEFAULT NULL,
  `CategoryId` int(11) DEFAULT NULL,
  `SubCategoryId` int(11) DEFAULT NULL,
  `PostDetails` longtext CHARACTER SET utf8mb4 COLLATE utf8mb4_unicode_ci DEFAULT NULL,
  `PostingDate` timestamp NULL DEFAULT current_timestamp(),
  `UpdationDate` timestamp NULL DEFAULT NULL ON UPDATE current_timestamp(),
  `Is_Active` int(1) DEFAULT NULL,
  `PostUrl` mediumtext CHARACTER SET utf8mb4 COLLATE utf8mb4_unicode_ci DEFAULT NULL,
  `PostImage` varchar(255) CHARACTER SET utf8mb4 COLLATE utf8mb4_unicode_ci DEFAULT NULL
) ENGINE=InnoDB DEFAULT CHARSET=latin1;

--
-- Đang đổ dữ liệu cho bảng `tblposts`
--

INSERT INTO `tblposts` (`id`, `PostTitle`, `CategoryId`, `SubCategoryId`, `PostDetails`, `PostingDate`, `UpdationDate`, `Is_Active`, `PostUrl`, `PostImage`) VALUES
(13, 'Mùa trồng rừng ngập mặn đã đến!!!', 8, 11, '<p style=\"-webkit-tap-highlight-color: transparent; margin-bottom: 15px; line-height: 1.618; color: rgb(60, 72, 88); font-family: &quot;Source Serif Pro&quot;; font-size: 18px;\">Thân gửi những người bạn, bằng hữu đáng quý của Hạnh Phúc Xanh!</p><p style=\"-webkit-tap-highlight-color: transparent; margin-bottom: 15px; line-height: 1.618; color: rgb(60, 72, 88); font-family: &quot;Source Serif Pro&quot;; font-size: 18px;\">Mùa mưa đã đến sớm năm nay, rửa mặn và giúp chúng ta có được thời tiết thuận lợi để trồng rừng ngập mặn. Vì thế, đội ngũ Hạnh Phúc Xanh xin được thông báo một tin vui: Đã đến thời điểm&nbsp; thuận lợi để Trồng rừng Vững đất!&nbsp;</p><p style=\"-webkit-tap-highlight-color: transparent; margin-bottom: 15px; line-height: 1.618; color: rgb(60, 72, 88); font-family: &quot;Source Serif Pro&quot;; font-size: 18px;\"><strong style=\"-webkit-tap-highlight-color: transparent;\">Từ ngày 5/6 đến hết tháng 7 năm nay, hoạt động “Trồng rừng ngập mặn Vĩnh Châu, Sóc Trăng” sẽ được tổ chức với sự tham gia của hơn 20 nhân sự địa phương. Tổng diện tích trồng là 8.5 ha (với mật độ khoảng 4.400 cây/ha), và tổng số 37.400 cây.</strong></p><p style=\"-webkit-tap-highlight-color: transparent; margin-bottom: 15px; line-height: 1.618; color: rgb(60, 72, 88); font-family: &quot;Source Serif Pro&quot;; font-size: 18px;\"><strong style=\"-webkit-tap-highlight-color: transparent;\">Như vậy, chúng ta sẽ trồng thêm khoảng 1.5ha (hơn 6000 cây) so với báo cáo năm 2020 (7ha, 30.800 cây).</strong></p>', '2021-11-29 02:55:57', '2021-11-30 16:23:04', 1, 'Mùa-trồng-rừng-ngập-mặn-đã-đến!!!', '61ab2cace8ea05d3a66b149b2a1728cb.png'),
(15, '41,000 cây Thanh Thất được trồng tại rừng phòng hộ Thuận Nam', 8, 17, '<div class=\"row\" style=\"-webkit-tap-highlight-color: transparent; margin-left: -15px; margin-right: -15px; color: rgb(60, 72, 88); font-family: &quot;Source Serif Pro&quot;; font-size: 18px;\"><div class=\"col-md-12\" style=\"-webkit-tap-highlight-color: transparent; padding-left: 15px; padding-right: 15px; width: 780px;\"><img alt=\"\" data-src=\"https://song.org.vn/wp-content/uploads/252020681_915606919070121_6992786831743505790_n.jpg\" class=\"wp-post-image image-in-page lazyloaded\" src=\"https://song.org.vn/wp-content/uploads/252020681_915606919070121_6992786831743505790_n.jpg\" style=\"-webkit-tap-highlight-color: transparent; max-width: 100%; height: auto; margin-bottom: 30px; opacity: 1; transition: opacity 400ms ease 0ms;\"></div></div><p style=\"-webkit-tap-highlight-color: transparent; margin-bottom: 15px; line-height: 1.618; color: rgb(60, 72, 88); font-family: &quot;Source Serif Pro&quot;; font-size: 18px;\"><em style=\"-webkit-tap-highlight-color: transparent;\">Với sự chung tay của đội ngũ các bạn dự án và sự giúp sức từ bà con người Chăm và Raglai, Dự án Hạnh Phúc Xanh đã hoàn thành mục tiêu trồng rừng trong năm 2021.</em></p><p style=\"-webkit-tap-highlight-color: transparent; margin-bottom: 15px; line-height: 1.618; color: rgb(60, 72, 88); font-family: &quot;Source Serif Pro&quot;; font-size: 18px;\">Mọi hoạt động từ chuyển cây lên bãi trồng và trồng cây của dự án đều có sự giúp sức nhiệt tình từ bà con người Chăm và Raglai. Do địa hình đầy đá tảng, dốc đứng và những con đường quanh co trên dốc núi, nên việc vận chuyển cây và trồng rừng đều không thể dùng máy móc. Mọi công việc từ gùi cây, đào hố và trồng rừng đều từ công sức vất vả của bà con người Chăm và người Raglai.</p><figure class=\"wp-block-image size-large\" style=\"-webkit-tap-highlight-color: transparent; margin-bottom: 1em; color: rgb(60, 72, 88); font-family: &quot;Source Serif Pro&quot;; font-size: 18px;\"><img width=\"1024\" height=\"682\" alt=\"\" data-srcset=\"https://song.org.vn/wp-content/uploads/252018224_915607395736740_8740614759945402410_n-1024x682.jpg 1024w, https://song.org.vn/wp-content/uploads/252018224_915607395736740_8740614759945402410_n-300x200.jpg 300w, https://song.org.vn/wp-content/uploads/252018224_915607395736740_8740614759945402410_n-768x512.jpg 768w, https://song.org.vn/wp-content/uploads/252018224_915607395736740_8740614759945402410_n-1536x1023.jpg 1536w, https://song.org.vn/wp-content/uploads/252018224_915607395736740_8740614759945402410_n-360x240.jpg 360w, https://song.org.vn/wp-content/uploads/252018224_915607395736740_8740614759945402410_n.jpg 2048w\" data-src=\"https://song.org.vn/wp-content/uploads/252018224_915607395736740_8740614759945402410_n-1024x682.jpg\" data-sizes=\"(max-width: 1024px) 100vw, 1024px\" class=\"wp-image-14878 lazyloaded\" src=\"https://song.org.vn/wp-content/uploads/252018224_915607395736740_8740614759945402410_n-1024x682.jpg\" sizes=\"(max-width: 1024px) 100vw, 1024px\" srcset=\"https://song.org.vn/wp-content/uploads/252018224_915607395736740_8740614759945402410_n-1024x682.jpg 1024w, https://song.org.vn/wp-content/uploads/252018224_915607395736740_8740614759945402410_n-300x200.jpg 300w, https://song.org.vn/wp-content/uploads/252018224_915607395736740_8740614759945402410_n-768x512.jpg 768w, https://song.org.vn/wp-content/uploads/252018224_915607395736740_8740614759945402410_n-1536x1023.jpg 1536w, https://song.org.vn/wp-content/uploads/252018224_915607395736740_8740614759945402410_n-360x240.jpg 360w, https://song.org.vn/wp-content/uploads/252018224_915607395736740_8740614759945402410_n.jpg 2048w\" style=\"-webkit-tap-highlight-color: transparent; max-width: 100%; height: auto; opacity: 1; transition: opacity 400ms ease 0ms; border-radius: inherit;\"><figcaption style=\"-webkit-tap-highlight-color: transparent; margin-top: 0.5em; margin-bottom: 1em;\"><em style=\"-webkit-tap-highlight-color: transparent;\">Công việc trồng rừng được sự hỗ trợ tận tình của bà con người Chăm và người Raglai. Ảnh: Dự án Hạnh Phúc Xanh</em></figcaption></figure><p style=\"-webkit-tap-highlight-color: transparent; margin-bottom: 15px; line-height: 1.618; color: rgb(60, 72, 88); font-family: &quot;Source Serif Pro&quot;; font-size: 18px;\">Sau bao nhiêu khó khăn, dưới cái nắng chói chang, sau những công sức và những giọt mồ hôi đổ xuống đất cát, những cây con cuối cùng của năm 2021 đã được tiếp đất. Chúng ta tiến thêm một bước đến ước mơ những&nbsp;<a href=\"https://song.org.vn/hanh-phuc-xanh/\" style=\"-webkit-tap-highlight-color: transparent; color: rgb(90, 163, 161); transition: all 0.3s ease 0s;\">ngọn đồi xanh tươ</a>i trở lại, giữ gìn những giọt nước ngọt quý giá cho Ninh Thuận thân yêu đang khát cháy</p><figure class=\"wp-block-image size-large\" style=\"-webkit-tap-highlight-color: transparent; margin-bottom: 1em; color: rgb(60, 72, 88); font-family: &quot;Source Serif Pro&quot;; font-size: 18px;\"><img width=\"1024\" height=\"682\" alt=\"\" data-srcset=\"https://song.org.vn/wp-content/uploads/252394184_915609215736558_3792742989539990129_n-1024x682.jpg 1024w, https://song.org.vn/wp-content/uploads/252394184_915609215736558_3792742989539990129_n-300x200.jpg 300w, https://song.org.vn/wp-content/uploads/252394184_915609215736558_3792742989539990129_n-768x512.jpg 768w, https://song.org.vn/wp-content/uploads/252394184_915609215736558_3792742989539990129_n-1536x1023.jpg 1536w, https://song.org.vn/wp-content/uploads/252394184_915609215736558_3792742989539990129_n-360x240.jpg 360w, https://song.org.vn/wp-content/uploads/252394184_915609215736558_3792742989539990129_n.jpg 2048w\" data-src=\"https://song.org.vn/wp-content/uploads/252394184_915609215736558_3792742989539990129_n-1024x682.jpg\" data-sizes=\"(max-width: 1024px) 100vw, 1024px\" class=\"wp-image-14879 lazyloaded\" src=\"https://song.org.vn/wp-content/uploads/252394184_915609215736558_3792742989539990129_n-1024x682.jpg\" sizes=\"(max-width: 1024px) 100vw, 1024px\" srcset=\"https://song.org.vn/wp-content/uploads/252394184_915609215736558_3792742989539990129_n-1024x682.jpg 1024w, https://song.org.vn/wp-content/uploads/252394184_915609215736558_3792742989539990129_n-300x200.jpg 300w, https://song.org.vn/wp-content/uploads/252394184_915609215736558_3792742989539990129_n-768x512.jpg 768w, https://song.org.vn/wp-content/uploads/252394184_915609215736558_3792742989539990129_n-1536x1023.jpg 1536w, https://song.org.vn/wp-content/uploads/252394184_915609215736558_3792742989539990129_n-360x240.jpg 360w, https://song.org.vn/wp-content/uploads/252394184_915609215736558_3792742989539990129_n.jpg 2048w\" style=\"-webkit-tap-highlight-color: transparent; max-width: 100%; height: auto; opacity: 1; transition: opacity 400ms ease 0ms; border-radius: inherit;\"><figcaption style=\"-webkit-tap-highlight-color: transparent; margin-top: 0.5em; margin-bottom: 1em;\"><em style=\"-webkit-tap-highlight-color: transparent;\">Mục tiêu trồng rừng năm 2021 của Dự án Hạnh Phúc Xanh đã hoàn thành. Ảnh</em></figcaption></figure><p style=\"-webkit-tap-highlight-color: transparent; margin-bottom: 15px; line-height: 1.618; color: rgb(60, 72, 88); font-family: &quot;Source Serif Pro&quot;; font-size: 18px;\">Xin trân trọng cảm ơn, bà con người Chăm và Raglai, các bạn trong dự án&nbsp;<a href=\"https://www.facebook.com/hanhphucxanh2018/posts/915607695736710\" style=\"-webkit-tap-highlight-color: transparent; color: rgb(90, 163, 161); transition: all 0.3s ease 0s;\">Hạnh Phúc Xanh</a>&nbsp;và Ban Quản lý rừng phòng hộ ven biển Thuận Nam. Chúng tôi cũng xin được cảm ơn tới những người đã đóng góp thầm lặng và đồng hành cùng dự án Hạnh Phúc Xanh và&nbsp;<a href=\"https://www.facebook.com/songfoundation\" style=\"-webkit-tap-highlight-color: transparent; color: rgb(90, 163, 161); transition: all 0.3s ease 0s;\">Quỹ Sống</a>&nbsp;trong hành trình ý nghĩa này.</p>', '2021-11-29 22:15:25', '2021-12-01 11:30:45', 0, '41,000-cây-Thanh-Thất-được-trồng-tại-rừng-phòng-hộ-Thuận-Nam', 'b6d9acfc530565e4176ceed746c6e395.png'),
(16, 'Lũ bất ngờ ập vào trường học, phải giải cứu học sinh', 10, 14, '<p>Hàng trăm học sinh ở Quảng Trị đã được lực lượng chức năng cùng phụ huynh đưa đến nơi an toàn, sau khi trường học bất ngờ bị nước lũ bao vây.<br></p>', '2021-11-29 22:18:57', NULL, 1, 'Lũ-bất-ngờ-ập-vào-trường-học,-phải-giải-cứu-học-sinh', 'c8ca1b8c700b5dfdff68f4793c6361d5.jpg'),
(17, 'Xuất hiện vùng áp thấp trên Biển Đông, miền Trung hứng mưa đặc biệt lớn', 10, 14, '<p>Nhiều nơi ở miền Trung đang hứng mưa rất to gây ngập lụt, chia cắt nhiều nơi. Trong khi đó, trên Biển Đông xuất hiện một vùng áp thấp khả năng sẽ tiếp tục gây mưa cho miền Trung những ngày tới.<br></p>', '2021-11-29 22:23:46', NULL, 1, 'Xuất-hiện-vùng-áp-thấp-trên-Biển-Đông,-miền-Trung-hứng-mưa-đặc-biệt-lớn', 'b5d5adecd0c9ea599e093ae8a33ee44e.jpg'),
(18, 'Nhiều tuyến đường ở Quảng Nam ngập sâu, giao thông chia cắt', 10, 14, '<p>Mưa lớn cùng với việc hồ Phú Ninh và các thuỷ điện xả nước khiến nhiều khu vực, tuyến đường trên địa bàn TP Tam Kỳ (Quảng Nam) ngập sâu.<br></p>', '2021-11-29 22:24:30', NULL, 1, 'Nhiều-tuyến-đường-ở-Quảng-Nam-ngập-sâu,-giao-thông-chia-cắt', '1c70db384ee6dd922a36e9969d8b2514.jpg'),
(19, 'CSGT Quảng Nam \"giải cứu\" hàng chục người kẹt giữa dòng nước lũ', 10, 14, '<p>Sáng 24-10, trung tá Trần Minh Hiếu, Đội trưởng Đội CSGT số 1 - Phòng CSGT Đường bộ, đường sắt Công an tỉnh Quảng Nam, cho biết vừa phối hợp với lực lượng chức năng đã giải cứu hàng chục người dân bị mắc kẹt trong dòng nước lũ.<br></p>', '2021-11-29 22:25:22', NULL, 1, 'CSGT-Quảng-Nam-\"giải-cứu\"-hàng-chục-người-kẹt-giữa-dòng-nước-lũ', '4613cde7f4bc91c7e10637292feaf479.jpg'),
(20, 'Mưa lớn tới hơn 700 mm, nhiều tỉnh miền Trung, Tây Nguyên ngập nặng, lũ lớn', 10, 14, '<p>Mưa lớn liên tục những ngày qua đã gây ngập lụt nhiều nơi ở miền Trung, Tây Nguyên. Cảnh báo nguy cơ xảy ra lũ quét, sạt lở đất và ngập úng từ Hà Tĩnh đến Khánh Hòa và khu vực Tây Nguyên.<br></p>', '2021-11-29 22:25:53', NULL, 1, 'Mưa-lớn-tới-hơn-700-mm,-nhiều-tỉnh-miền-Trung,-Tây-Nguyên-ngập-nặng,-lũ-lớn', '7ec4eb93929eb1dcbff7e6648b54e021.jpg'),
(21, 'Đo được lượng mưa lớn nhất trong 25 năm qua ở rốn lũ Nghệ An', 10, 14, '<p>Lượng mưa đo được lên tới 582mm, được xem là đợt mưa lớn nhất trong 25 năm qua ở huyện Quỳnh Lưu (Nghệ An) đã khiến hàng ngàn hộ dân bị ngập nước, hàng trăm ha diện tích nuôi tôm, cá bị nhấn chìm...<br></p>', '2021-11-29 22:26:28', NULL, 1, 'Đo-được-lượng-mưa-lớn-nhất-trong-25-năm-qua-ở-rốn-lũ-Nghệ-An', 'a795f5ff850c3954a79b2641c27a2039.jpg'),
(22, 'Nghệ sĩ làm thiện nguyện và chuyện sao kê: Nên thận trọng để tránh có rắc rối', 10, 14, '<p>Hai tuần qua, một nữ YouTuber liên tục gọi tên nhiều nghệ sĩ trên mạng xã hội, làm rộ lên tin đồn họ \"ăn chặn\" từ hàng chục đến hàng trăm tỉ đồng tiền từ thiện cho đợt lũ lụt miền Trung năm 2020.<br></p>', '2021-11-29 22:27:08', NULL, 1, 'Nghệ-sĩ-làm-thiện-nguyện-và-chuyện-sao-kê:-Nên-thận-trọng-để-tránh-có-rắc-rối', '6487d400c5a143661b73e3c4701faae2.jpg'),
(23, 'Tháng yêu thương của học trò trao gửi đến miền Trung', 10, 14, '<p>Mang khoản tiền gần 23 triệu đồng do các bạn học sinh đóng góp trao cho báo Tuổi Trẻ, cô Thu Hiến - đại diện hơn 230 học trò hệ thống Trường Khai Nguyên (TP.HCM) - cũng mang đến một câu chuyện ấm áp.<br></p>', '2021-11-29 22:28:44', NULL, 1, 'Tháng-yêu-thương-của-học-trò-trao-gửi-đến-miền-Trung', '41ced28a5318c6f11c0557b78a7cfb87.jpg'),
(24, 'May mà còn sống sau lũ quét, còn người thì còn của thôi', 10, 18, '<p>Sau trận lũ quét kinh hoàng giữa đêm, từ đầu đến cuối xã Hướng Sơn (huyện Hướng Hóa, tỉnh Quảng Trị) xơ xác, ngổn ngang bùn đá, cây rừng...<br></p>', '2021-11-29 22:29:20', '2021-11-30 23:42:40', 1, 'May-mà-còn-sống-sau-lũ-quét,-còn-người-thì-còn-của-thôi', '756a194ec96672dac30acef8d84c453e.jpg'),
(25, 'Tính lượng CO2 cố định trong sinh khối của cây cá lẻ và của hệ sinh thái rừng', 8, 12, '<p><span style=\"color: rgb(60, 72, 88); font-family: &quot;Source Serif Pro&quot;; font-size: 18px;\">Rừng là một thành phần quan trọng của các hệ sinh thái trên trái đất, trong đó rừng giữ vai trò chủ yếu trong mọi chu trình chuyển hóa vật chất – năng lượng trên toàn hành tinh. Các tác động tiêu cực của con người không những gây ra sự mất cân bằng sinh thái mà còn làm giảm khả năng hấp thụ khí CO</span><span style=\"-webkit-tap-highlight-color: transparent; font-size: 13.5px; line-height: 0; position: relative; vertical-align: baseline; bottom: -0.25em; color: rgb(60, 72, 88); font-family: &quot;Source Serif Pro&quot;;\">2</span><span style=\"color: rgb(60, 72, 88); font-family: &quot;Source Serif Pro&quot;; font-size: 18px;\">&nbsp;và gián tiếp làm tăng lượng khí CO</span><span style=\"-webkit-tap-highlight-color: transparent; font-size: 13.5px; line-height: 0; position: relative; vertical-align: baseline; bottom: -0.25em; color: rgb(60, 72, 88); font-family: &quot;Source Serif Pro&quot;;\">2</span><span style=\"color: rgb(60, 72, 88); font-family: &quot;Source Serif Pro&quot;; font-size: 18px;\">&nbsp;phát thải vào khí quyển, từ đó làm cho biến đổi khí hậu toàn cầu tăng nhanh.</span></p><p style=\"margin-bottom: 15px; line-height: 1.618; -webkit-tap-highlight-color: transparent; color: rgb(60, 72, 88); font-family: &quot;Source Serif Pro&quot;; font-size: 18px;\">Để làm giảm hàm lượng khí CO<span style=\"-webkit-tap-highlight-color: transparent; font-size: 13.5px; line-height: 0; position: relative; vertical-align: baseline; bottom: -0.25em;\">2</span>&nbsp;trong không khí, có hai phương án chính:</p><ol style=\"margin-bottom: 30px; -webkit-tap-highlight-color: transparent; line-height: 1.618; font-size: 18px; color: rgb(60, 72, 88); font-family: &quot;Source Serif Pro&quot;;\"><li style=\"-webkit-tap-highlight-color: transparent;\">Giảm sự phát thải khí CO<span style=\"-webkit-tap-highlight-color: transparent; font-size: 13.5px; line-height: 0; position: relative; vertical-align: baseline; bottom: -0.25em;\">2</span>&nbsp;bằng việc hạn chế sự đốt cháy nhiên liệu hóa thạch trong công nghiệp và những hoạt động sống của con người như chuyển đổi mục đích sử dụng đất; và</li><li style=\"-webkit-tap-highlight-color: transparent;\">Tăng khả năng cố định CO<span style=\"-webkit-tap-highlight-color: transparent; font-size: 13.5px; line-height: 0; position: relative; vertical-align: baseline; bottom: -0.25em;\">2</span>&nbsp;trong sinh khối của các thảm thực vật bằng cách trồng rừng.</li></ol><p style=\"margin-bottom: 15px; line-height: 1.618; -webkit-tap-highlight-color: transparent; color: rgb(60, 72, 88); font-family: &quot;Source Serif Pro&quot;; font-size: 18px;\">So với những thảm thực vật khác trên trái đất, rừng là hệ sinh thái có khả năng điều hòa khí hậu, hấp thụ và dự trữ Carbon to lớn nhất. Tuy nhiên, câu hỏi đặt ra là làm thế nào để xác định lượng CO<span style=\"-webkit-tap-highlight-color: transparent; font-size: 13.5px; line-height: 0; position: relative; vertical-align: baseline; bottom: -0.25em;\">2</span>&nbsp;cố định trong sinh khối của cây cá lẻ hay của cả hệ sinh thái rừng?</p><h3 style=\"font-family: Montserrat; line-height: 1.618; color: rgb(60, 72, 88); margin-top: 0px; margin-bottom: 15px; font-size: 32px; -webkit-tap-highlight-color: transparent;\"><span style=\"font-weight: 600; font-family: &quot;Hind Madurai&quot;, sans-serif; -webkit-tap-highlight-color: transparent;\">CÔNG THỨC TÍNH LƯỢNG CO<span style=\"-webkit-tap-highlight-color: transparent; font-size: 24px; line-height: 0; position: relative; vertical-align: baseline; bottom: -0.25em;\">2</span>&nbsp;CỐ ĐỊNH TRONG SINH KHỐI CỦA CÂY CÁ LẺ VÀ CỦA HỆ SINH THÁI RỪNG</span></h3><h4 style=\"font-family: Montserrat; line-height: 1.618; color: rgb(60, 72, 88); margin-top: 0px; margin-bottom: 15px; font-size: 27px; -webkit-tap-highlight-color: transparent;\"><span style=\"font-weight: 600; font-family: &quot;Hind Madurai&quot;, sans-serif; -webkit-tap-highlight-color: transparent;\">1. Đối với cây cá lẻ&nbsp;(cho từng cây)</span></h4><figure class=\"wp-block-table\" style=\"margin-bottom: 1em; -webkit-tap-highlight-color: transparent; overflow-x: auto; color: rgb(60, 72, 88); font-family: &quot;Source Serif Pro&quot;; font-size: 18px;\"><table class=\"has-subtle-light-gray-background-color has-background\" style=\"background-color: rgb(243, 244, 245); -webkit-tap-highlight-color: transparent; width: 750px;\"><tbody style=\"-webkit-tap-highlight-color: transparent;\"><tr style=\"-webkit-tap-highlight-color: transparent; border-bottom: 0px;\"><td class=\"has-text-align-center\" data-align=\"center\" style=\"padding: 12px 8px; -webkit-tap-highlight-color: transparent; vertical-align: middle; text-align: center;\"><span style=\"font-weight: 600; font-family: &quot;Hind Madurai&quot;, sans-serif; -webkit-tap-highlight-color: transparent;\">Các bước xác định lượng&nbsp;<span style=\"-webkit-tap-highlight-color: transparent;\">CO<span style=\"-webkit-tap-highlight-color: transparent; font-size: 13.5px; line-height: 0; position: relative; vertical-align: baseline; bottom: -0.25em;\">2</span></span>&nbsp;cố định trong cây cá lẻ:</span><br style=\"-webkit-tap-highlight-color: transparent;\">Wtổng sinh khối tươi = Wthân + Wcành +Wlá + Wrễ<br style=\"-webkit-tap-highlight-color: transparent;\">Wtổng sinh khô = Wtổng sinh khối tươi x Rtk (hệ số chuyển đổi sinh khối tươi&amp;khô)<br style=\"-webkit-tap-highlight-color: transparent;\">Wcarbon = Wtổng sinh khô x Rc (hệ số chuyển đổi carbon)<br style=\"-webkit-tap-highlight-color: transparent;\">WCO<span style=\"-webkit-tap-highlight-color: transparent; font-size: 13.5px; line-height: 0; position: relative; vertical-align: baseline; bottom: -0.25em;\">2</span>&nbsp;= Wcarbon x 44/12</td></tr></tbody></table></figure><p style=\"margin-bottom: 15px; line-height: 1.618; -webkit-tap-highlight-color: transparent; color: rgb(60, 72, 88); font-family: &quot;Source Serif Pro&quot;; font-size: 18px;\">Sinh khối của cây cá lẻ được xác định gồm 2 thành phần: (1) Sinh khối trên mặt đất (thân, cành, lá); và&nbsp;(2) Sinh khối dưới mặt đất chủ yếu là rễ cây.</p><p style=\"margin-bottom: 15px; line-height: 1.618; -webkit-tap-highlight-color: transparent; color: rgb(60, 72, 88); font-family: &quot;Source Serif Pro&quot;; font-size: 18px;\">Để xác định sinh khối các bộ phận của cây, trong thực tế thường sử dụng phương pháp cây giải tích để xác định sinh khối tươi của các bộ phận thân, cành, lá và rễ. Các bộ phận này được lấy mẫu và sấy khô ở nhiệt độ 105<span style=\"-webkit-tap-highlight-color: transparent; font-size: 13.5px; line-height: 0; position: relative; vertical-align: baseline; top: -0.5em;\">0C</span>&nbsp;cho đến khi trọng lượng không thay đổi nhằm xác định hệ số chuyển đổi từ sinh khối tươi các bộ phận sang sinh khối khô. Các mẫu sinh khối khô được phân tích để xác định tổng carbon hữu cơ (hay còn gọi là hệ số chuyển đổi carbon).</p><p style=\"margin-bottom: 15px; line-height: 1.618; -webkit-tap-highlight-color: transparent; color: rgb(60, 72, 88); font-family: &quot;Source Serif Pro&quot;; font-size: 18px;\">Với công thức này, việc xác định sinh khối dưới mặt đất (Wrễ) là tương đối khó khăn, nên thường sử dụng sinh khối trên mặt đất (AGB) để xác định sinh khối dưới mặt đất (BGB) thông qua hệ số chuyển đổi là 0,37 đối với rừng mưa nhiệt đới; từ 0,2 – 0,24 đối với rừng nửa rụng lá ẩm nhiệt đới (theo&nbsp;<a href=\"https://www.ipcc-nggip.iges.or.jp/public/2006gl/\" style=\"color: rgb(90, 163, 161); -webkit-tap-highlight-color: transparent; transition: all 0.3s ease 0s;\">IPCC 2006</a>). Ngoài ra, việc xác định hệ số chuyển đổi carbon cũng là một trong những khó khăn nhất định nên thường sử dụng hệ số này là 0,5 (theo IPCC 2006), việc sử dụng hệ số chuyển đổi chung này cho các loài khác nhau cũng dẫn đến những sai số nhất định trong việc chuyển đổi từ sinh khối khô sang carbon.</p><p style=\"margin-bottom: 15px; line-height: 1.618; -webkit-tap-highlight-color: transparent; color: rgb(60, 72, 88); font-family: &quot;Source Serif Pro&quot;; font-size: 18px;\">Đối với cây cá lẻ, ngoài phương pháp cây giải tích có độ chính xác cao như được trình bày ở trên, thì phương pháp sử dụng các hệ số, giá trị bình quan sẵn có về tăng trưởng rừng, sinh khối và hệ số chuyển đổi chung để tính xác định bể chứa carbon là khá đơn giản nhưng độ tin cậy là khá thấp.</p><h4 style=\"font-family: Montserrat; line-height: 1.618; color: rgb(60, 72, 88); margin-top: 0px; margin-bottom: 15px; font-size: 27px; -webkit-tap-highlight-color: transparent;\"><span style=\"font-weight: 600; font-family: &quot;Hind Madurai&quot;, sans-serif; -webkit-tap-highlight-color: transparent;\">2) Đối với hệ sinh thái rừng</span></h4><figure class=\"wp-block-table\" style=\"margin-bottom: 1em; -webkit-tap-highlight-color: transparent; overflow-x: auto; color: rgb(60, 72, 88); font-family: &quot;Source Serif Pro&quot;; font-size: 18px;\"><table class=\"has-subtle-light-gray-background-color has-background\" style=\"background-color: rgb(243, 244, 245); -webkit-tap-highlight-color: transparent; width: 750px;\"><tbody style=\"-webkit-tap-highlight-color: transparent;\"><tr style=\"-webkit-tap-highlight-color: transparent; border-bottom: 0px;\"><td class=\"has-text-align-center\" data-align=\"center\" style=\"padding: 12px 8px; -webkit-tap-highlight-color: transparent; vertical-align: middle; text-align: center;\"><span style=\"font-weight: 600; font-family: &quot;Hind Madurai&quot;, sans-serif; -webkit-tap-highlight-color: transparent;\">Công thức xác định lượng&nbsp;<span style=\"-webkit-tap-highlight-color: transparent;\">CO<span style=\"-webkit-tap-highlight-color: transparent; font-size: 13.5px; line-height: 0; position: relative; vertical-align: baseline; bottom: -0.25em;\">2</span></span>&nbsp;cố định trong&nbsp;<span style=\"-webkit-tap-highlight-color: transparent;\">hệ sinh thái rừng</span>:</span><br style=\"-webkit-tap-highlight-color: transparent;\">Wcarbon = Wsinh khối trên mặt đất + Wsinh khối dưới mặt đất + Wgỗ chết + Wthảm mục + Wtrong đất<br style=\"-webkit-tap-highlight-color: transparent;\">Wcarbon-dioxide = Wcarbon x 44/12</td></tr></tbody></table></figure><p style=\"margin-bottom: 15px; line-height: 1.618; -webkit-tap-highlight-color: transparent; color: rgb(60, 72, 88); font-family: &quot;Source Serif Pro&quot;; font-size: 18px;\"><span style=\"font-weight: 600; font-family: &quot;Hind Madurai&quot;, sans-serif; -webkit-tap-highlight-color: transparent;\">Lượng carbon được cố định (trong hệ sinh thái rừng) ở 5 bể chứa:</span></p><ul style=\"margin-bottom: 30px; -webkit-tap-highlight-color: transparent; line-height: 1.618; font-family: &quot;Source Serif Pro&quot;; font-size: 18px; color: rgb(60, 72, 88);\"><li style=\"-webkit-tap-highlight-color: transparent;\">i) Bể chứa trên mặt đất bao gồm sinh khối trên mặt đất của cây thân gỗ và các loài thực khác như cây thân thảo, cây bụi, cỏ, dây leo;</li><li style=\"-webkit-tap-highlight-color: transparent;\">ii) Sinh khối dưới mặt đất;</li><li style=\"-webkit-tap-highlight-color: transparent;\">iii) Sinh khối gỗ chết bao gồm cây đã chết nằm hoặc còn đứng. Việc ước tính sinh khối khô gỗ chết có thể tiến hành bằng cách cân khối lượng của cây chết nằm và đo thể tích cây chết đứng. Tương tư như cây sống, tiến hành suy ra sinh khối khô và carbon theo hệ số chuyển đổi;</li><li style=\"-webkit-tap-highlight-color: transparent;\">iv) Sinh khối thảm mục được ước tính chủ yếu dựa và cân khối lượng trong các ô mẫu phụ, lấy mẫu xấy khô để xác định sinh khối khô, từ sinh khối khô suy ra carbon theo hệ số CF (carbon fraction) và thường là 0.47 (IPCC, 2006);</li><li style=\"-webkit-tap-highlight-color: transparent;\">v) Carbon tích luỹ trong đất được xác định theo công thức: SOC(t/ha) = ρ (g/cm<span style=\"-webkit-tap-highlight-color: transparent; font-size: 13.5px; line-height: 0; position: relative; vertical-align: baseline; top: -0.5em;\">3</span>) x d (cm) x %C x 100. Trong đó:<ul style=\"-webkit-tap-highlight-color: transparent; line-height: 1.618;\"><li style=\"-webkit-tap-highlight-color: transparent;\">ρ: dung trọng của đất (trọng lượng khô/thế tích ước);</li><li style=\"-webkit-tap-highlight-color: transparent;\">%C: hàm lượng carbon trong đất;</li><li style=\"-webkit-tap-highlight-color: transparent;\">d: độ sâu tầng đất;</li></ul></li></ul><hr class=\"wp-block-separator\" style=\"height: 2px; border-width: initial; border-style: none; border-top-color: initial; -webkit-tap-highlight-color: transparent; color: rgb(238, 238, 238); background-color: rgb(238, 238, 238); max-width: 150px; font-family: &quot;Source Serif Pro&quot;; font-size: 18px;\"><h3 style=\"font-family: Montserrat; line-height: 1.618; color: rgb(60, 72, 88); margin-top: 0px; margin-bottom: 15px; font-size: 32px; -webkit-tap-highlight-color: transparent;\"><span style=\"font-weight: 600; font-family: &quot;Hind Madurai&quot;, sans-serif; -webkit-tap-highlight-color: transparent;\">ÁP DỤNG CÔNG THỨC TÍNH LƯỢNG CO<span style=\"-webkit-tap-highlight-color: transparent; font-size: 24px; line-height: 0; position: relative; vertical-align: baseline; bottom: -0.25em;\">2</span>&nbsp;CỐ ĐỊNH TRONG DỰ ÁN TRỒNG RỪNG NINH THUẬN</span>.</h3><p style=\"margin-bottom: 15px; line-height: 1.618; -webkit-tap-highlight-color: transparent; color: rgb(60, 72, 88); font-family: &quot;Source Serif Pro&quot;; font-size: 18px;\">Rừng trồng cây Thanh thất (<em style=\"-webkit-tap-highlight-color: transparent;\">Ailanthus altissima</em>) là loài cây bản địa mới được trồng thử nghiệm trong thời gian gần đây nên chưa có nghiên cứu cụ thể nào cho việc xác định khả năng tích luỹ carbon của rừng. Để giải quyết bài toàn này, chúng tôi sử dụng những hệ số và công thức sẵn có. (mặc dù phương pháp này chấp nhận một sai số nhất định):</p><figure class=\"wp-block-table\" style=\"margin-bottom: 1em; -webkit-tap-highlight-color: transparent; overflow-x: auto; color: rgb(60, 72, 88); font-family: &quot;Source Serif Pro&quot;; font-size: 18px;\"><table class=\"has-subtle-light-gray-background-color has-background\" style=\"background-color: rgb(243, 244, 245); -webkit-tap-highlight-color: transparent; width: 750px;\"><tbody style=\"-webkit-tap-highlight-color: transparent;\"><tr style=\"-webkit-tap-highlight-color: transparent; border-bottom: 0px;\"><td class=\"has-text-align-center\" data-align=\"center\" style=\"padding: 12px 8px; -webkit-tap-highlight-color: transparent; vertical-align: middle; text-align: center;\"><span style=\"font-weight: 600; font-family: &quot;Hind Madurai&quot;, sans-serif; -webkit-tap-highlight-color: transparent;\">Công thức xác định lượng&nbsp;<span style=\"-webkit-tap-highlight-color: transparent;\">CO<span style=\"-webkit-tap-highlight-color: transparent; font-size: 13.5px; line-height: 0; position: relative; vertical-align: baseline; bottom: -0.25em;\">2</span></span>&nbsp;cố định từng cây của dự án Trồng rừng Ninh Thuận:</span><br style=\"-webkit-tap-highlight-color: transparent;\">Wsinh khối trên mặt đất= 0.25 D2 H<br style=\"-webkit-tap-highlight-color: transparent;\">Wsinh khối tươi = 1.2* Wsinh khối trên mặt đất<br style=\"-webkit-tap-highlight-color: transparent;\">Wsinh khối khô = 0.725 * Wsinh khối tươi<br style=\"-webkit-tap-highlight-color: transparent;\">Wcarbon = 0.5 * Wsinh khối khô<br style=\"-webkit-tap-highlight-color: transparent;\">WCO<span style=\"-webkit-tap-highlight-color: transparent; font-size: 13.5px; line-height: 0; position: relative; vertical-align: baseline; bottom: -0.25em;\">2</span>&nbsp;= Wcarbon * 44/12</td></tr></tbody></table></figure><p style=\"margin-bottom: 15px; line-height: 1.618; -webkit-tap-highlight-color: transparent; color: rgb(60, 72, 88); font-family: &quot;Source Serif Pro&quot;; font-size: 18px;\">Như vậy, chúng ta sẽ có bảng:</p><p style=\"margin-bottom: 15px; line-height: 1.618; -webkit-tap-highlight-color: transparent; color: rgb(60, 72, 88); font-family: &quot;Source Serif Pro&quot;; font-size: 18px;\"><img width=\"841\" height=\"392\" alt=\"\" data-srcset=\"https://song.org.vn/wp-content/uploads/Ảnh-chụp-Màn-hình-2021-06-18-lúc-3.53.16-CH.png 841w, https://song.org.vn/wp-content/uploads/Ảnh-chụp-Màn-hình-2021-06-18-lúc-3.53.16-CH-300x140.png 300w, https://song.org.vn/wp-content/uploads/Ảnh-chụp-Màn-hình-2021-06-18-lúc-3.53.16-CH-768x358.png 768w\" data-src=\"https://song.org.vn/wp-content/uploads/Ảnh-chụp-Màn-hình-2021-06-18-lúc-3.53.16-CH.png\" data-sizes=\"(max-width: 841px) 100vw, 841px\" class=\"wp-image-12406 lazyloaded\" src=\"https://song.org.vn/wp-content/uploads/A%CC%89nh-chu%CC%A3p-Ma%CC%80n-hi%CC%80nh-2021-06-18-lu%CC%81c-3.53.16-CH.png\" sizes=\"(max-width: 841px) 100vw, 841px\" srcset=\"https://song.org.vn/wp-content/uploads/Ảnh-chụp-Màn-hình-2021-06-18-lúc-3.53.16-CH.png 841w, https://song.org.vn/wp-content/uploads/Ảnh-chụp-Màn-hình-2021-06-18-lúc-3.53.16-CH-300x140.png 300w, https://song.org.vn/wp-content/uploads/Ảnh-chụp-Màn-hình-2021-06-18-lúc-3.53.16-CH-768x358.png 768w\" style=\"-webkit-tap-highlight-color: transparent; max-width: 100%; height: auto; opacity: 1; transition: opacity 400ms ease 0ms; border-radius: inherit;\"></p><figcaption style=\"display: table-caption; -webkit-tap-highlight-color: transparent; margin-top: 0.5em; margin-bottom: 1em; caption-side: bottom; color: rgb(60, 72, 88); font-family: &quot;Source Serif Pro&quot;; font-size: 18px;\"><br></figcaption>', '2021-11-30 23:44:21', '2021-12-01 11:27:17', 1, 'Tính-lượng-CO2-cố-định-trong-sinh-khối-của-cây-cá-lẻ-và-của-hệ-sinh-thái-rừng', '8db922b7472379a8431acf7929ab0861.jpg'),
(30, 'Grab Việt Nam tài trợ và tham gia gây quỹ dự án trồng rừng ngập mặn', 11, 16, '<div class=\"row\" style=\"-webkit-tap-highlight-color: transparent; margin-left: -15px; margin-right: -15px; color: rgb(60, 72, 88); font-family: &quot;Source Serif Pro&quot;; font-size: 18px;\"><div class=\"col-md-12\" style=\"-webkit-tap-highlight-color: transparent; padding-left: 15px; padding-right: 15px; width: 780px;\"><img alt=\"\" data-src=\"https://song.org.vn/wp-content/uploads/Copy-of-Copy-of-Untitled-10.png\" class=\"wp-post-image image-in-page lazyloaded\" src=\"https://song.org.vn/wp-content/uploads/Copy-of-Copy-of-Untitled-10.png\" style=\"-webkit-tap-highlight-color: transparent; max-width: 100%; height: auto; margin-bottom: 30px; opacity: 1; transition: opacity 400ms ease 0ms;\"></div></div><form action=\"https://song.org.vn/wp-login.php?action=postpass\" class=\"post-password-form form-group\" method=\"post\" style=\"-webkit-tap-highlight-color: transparent; padding-bottom: 7px; position: relative; color: rgb(60, 72, 88); font-family: &quot;Source Serif Pro&quot;; font-size: 18px;\"><p style=\"-webkit-tap-highlight-color: transparent; margin-bottom: 15px; line-height: 1.618;\">Nội dung này được bảo mật. Hãy nhập mật khẩu để xem tiếp:</p></form>', '2021-12-01 09:57:21', '2021-12-01 11:25:32', 1, 'Grab-Việt-Nam-tài-trợ-và-tham-gia-gây-quỹ-dự-án-trồng-rừng-ngập-mặn', '26a774ae0387a760c6116824cd6ab268.png'),
(31, 'Universal Care Việt Nam tài trợ một phần doanh thu cho hợp phần Trồng Rừng', 11, 16, '<p><img src=\"https://song.org.vn/wp-content/uploads/Copy-of-Copy-of-Untitled-11.png\"><br></p>', '2021-12-01 10:01:42', '2021-12-01 11:24:29', 1, 'Universal-Care-Việt-Nam-tài-trợ-một-phần-doanh-thu-cho-hợp-phần-Trồng-Rừng', 'f1e4b53d6769086d4eb1e5812472cb42.png'),
(32, '“Chạy vì miền Trung” cùng giải Mũi Né Dunes Marathon 2020 và ủng hộ Nhà Chống Lũ', 8, 11, '<p><img src=\"https://song.org.vn/wp-content/uploads/marathon.png\"><br></p>', '2021-12-01 10:04:08', '2021-12-01 11:31:09', 1, '“Chạy-vì-miền-Trung”-cùng-giải-Mũi-Né-Dunes-Marathon-2020-và-ủng-hộ-Nhà-Chống-Lũ', 'c28c312d678ac84d1491547c3a9a87cf.png'),
(33, 'Nhà Chống Lũ xin cảm ơn các mạnh thường quân đã tham gia quyên góp', 11, 16, '<div class=\"row\" style=\"-webkit-tap-highlight-color: transparent; margin-left: -15px; margin-right: -15px; color: rgb(60, 72, 88); font-family: &quot;Source Serif Pro&quot;; font-size: 18px;\"><div class=\"col-md-12\" style=\"-webkit-tap-highlight-color: transparent; padding-left: 15px; padding-right: 15px; width: 780px;\"><img alt=\"\" data-src=\"https://song.org.vn/wp-content/uploads/72672248_2705095102880706_4849199599681798144_n.jpg\" class=\"wp-post-image image-in-page lazyloaded\" src=\"https://song.org.vn/wp-content/uploads/72672248_2705095102880706_4849199599681798144_n.jpg\" style=\"-webkit-tap-highlight-color: transparent; max-width: 100%; height: auto; margin-bottom: 30px; opacity: 1; transition: opacity 400ms ease 0ms;\"></div></div><p style=\"-webkit-tap-highlight-color: transparent; margin-bottom: 15px; line-height: 1.618; color: rgb(60, 72, 88); font-family: &quot;Source Serif Pro&quot;; font-size: 18px;\">Sau sáu năm chống lũ, giai đoạn từ năm 2013 – 2019, dự án Nhà Chống Lũ đã xây dựng hơn 700 căn nhà an toàn, 124 bể chứa nước sạch, 50 nhà vệ sinh mới tại 11 vùng dự án trên cả nước, giúp hơn 3.525 người dân sống an toàn sau thiên tai. Tuy đạt được nhiều kết quả khả quan trong những năm đầu tiên hoạt động, các thành viên trong Ban Quản lý dự án vẫn còn nhiều trăn trở.</p><p style=\"-webkit-tap-highlight-color: transparent; margin-bottom: 15px; line-height: 1.618; color: rgb(60, 72, 88); font-family: &quot;Source Serif Pro&quot;; font-size: 18px;\">Chủ đề “Dựng Làng Hạnh Phúc” năm 2020 đánh dấu bước chuyển mình của dự án trong chặng đường lâu dài hướng tới các vùng chịu ảnh hưởng của thiên tai và biến đổi khí hậu, giúp hỗ trợ và phát triển cộng đồng an toàn và bền vững.</p><p style=\"-webkit-tap-highlight-color: transparent; margin-bottom: 15px; line-height: 1.618; color: rgb(60, 72, 88); font-family: &quot;Source Serif Pro&quot;; font-size: 18px;\">Với sự chung tay của các mạnh thường quân và các nhà sưu tập tranh trong sự kiện gây quỹ “Dựng Làng Hạnh Phúc” tại Hồ Chí Minh ngày 25/10 và Hà Nội 1/11 vừa qua, Nhà Chống Lũ đã gây quỹ được 3,302,529,000 đồng thông qua hoạt động bán đấu giá các tác phẩm gây quỹ và góp gạch xây nhà.</p><p style=\"-webkit-tap-highlight-color: transparent; margin-bottom: 15px; line-height: 1.618; color: rgb(60, 72, 88); font-family: &quot;Source Serif Pro&quot;; font-size: 18px;\">Như vậy, Nhà Chống Lũ đã có đủ kinh phí hỗ trợ xây dựng cho 110 căn nhà an toàn (trong mục tiêu 181 căn) trong năm 2020, 106 hộ gia đình khó khăn sẽ thật sự an tâm bắt đầu dựng xây một cuộc đời hạnh phúc.</p><p style=\"-webkit-tap-highlight-color: transparent; margin-bottom: 15px; line-height: 1.618; color: rgb(60, 72, 88); font-family: &quot;Source Serif Pro&quot;; font-size: 18px;\">Với sự ủng hộ và đồng hành của các bạn, Nhà Chống Lũ sẽ tiếp tục hành trình:· Xây dựng mô hình làng hạnh phúc bền vững tại Nóc Lâng loan. Hỗ trợ xây dựng cụm nhà ở, hệ thống nước sạch, vệ sinh, giáo dục, y tế,…·</p><p style=\"-webkit-tap-highlight-color: transparent; margin-bottom: 15px; line-height: 1.618; color: rgb(60, 72, 88); font-family: &quot;Source Serif Pro&quot;; font-size: 18px;\">Nghiên cứu các mô hình nhà mới ứng phó với các loại thiên tai khác nhau. Tiếp tục mở rộng các địa bàn thực hiện ở Miền Tây và miền núi phía Bắc.· Nâng cao năng lực cho bà con, tư vấn chương trình sinh kế dựa trên thế mạnh truyền thống tại địa phương, tổ chức cuộc sống bền vững, an toàn.</p><p style=\"-webkit-tap-highlight-color: transparent; margin-bottom: 15px; line-height: 1.618; color: rgb(60, 72, 88); font-family: &quot;Source Serif Pro&quot;; font-size: 18px;\">Nhà Chống Lũ gửi lời tri ân chân thành nhất đến những người bạn đồng hành đã chung tay cùng Nhà Chống Lũ:</p><pre class=\"wp-block-preformatted\" style=\"-webkit-tap-highlight-color: transparent; margin-bottom: 30px; line-height: 1.42857; white-space: pre-wrap;\">- Siêu mẫu Vũ Cẩm Nhung đã đấu giá thành công tác phẩm “Hoàng hôn” (Họa sỹ Ngô Bình Nhi) với giá 4.000 USD, tác phẩm điêu khắc “Bên bờ Hồ Xuân Hương Đà Lạt” của Nguyễn Thái Sơn với giá 3.700 USD, tác phẩm \"Địu em\" (Họa sỹ Mai Lê) với giá 1.700 USD và quyên góp gạch cho 1 căn nhà tương đương 30 triệu đồng.\r\n\r\n- Tác phẩm \"Ngẫu hứng mùa hè\" của họa sỹ Nguyễn Văn Đức được nhà sưu tập giấu tên đấu giá 2.700 USD cùng 10 triệu đồng góp gạch xây làng. \r\n\r\n- Tác phẩm “Giao cảm” (Họa sỹ Bùi Trọng Dư) được anh Đặng Quốc Tuấn đấu giá 3.100 USD.\r\n\r\n- Tác phẩm điêu khắc “Hiệu vàng bạc Thành Mỹ” (Họa sỹ, Nhiếp ảnh gia Nguyễn Thế Sơn) được anh Trương Lập Phát mua với giá 3.800 USD.\r\n\r\n- Tác phẩm “Đầm hoang No3” (Họa sỹ Khổng Đỗ Duy) được đấu giá thành công với mức 2.700 USD bởi họa sỹ TTH. Ngoài ra, họa sỹ TTH còn ủng hộ thêm cho Nhà Chống Lũ 60 triệu (tương đương với 2 căn nhà) trong phần góp gạch xây làng.\r\n\r\n- Tác phẩm “Tĩnh vật” (Họa sỹ Nguyễn Quốc Thái vẽ năm 1993) được đấu giá ở mức 1.500 USD cho chị Trần Thảo Trang.\r\n\r\n- Tranh màu nước vẽ trên giấy dó điểm vàng lá “Trà ở ngoài vườn” (họa sỹ Đinh Thị Thắm Poong) được đấu giá với mức 5.000 USD bởi chị Thanh Nguyễn. Đồng thời, chị Thanh còn góp 2 thiên gạch tương đương với 10 triệu đồng. \r\n\r\n- “Uyên ương và phú quý” được chế tác từ ngọc Onyx với đường kính viên ngọc 68 cm, mạ vàng 24K do chị Ngô Ngọc Nga tặng đã được cô Minh Nguyệt chọn mua với giá 8.600 USD. \r\n\r\n- Tác phẩm “Tình yêu” (Họa sỹ Nguyễn Quang Huy) được chị Lê Thu Thủy và chị Đỗ Lan Phương đấu giá ở mức 2.500 USD. Chị Thủy và chị Phương còn góp thêm 30 triệu đồng cho phần góp gạch (tương đương 1 căn nhà).\r\n\r\n- “Thuyền nhà thuyền 2” tác phẩm conceptual art kết hợp với artist’s book của nghệ sỹ thị giác Ly Hoàng Ly được anh Trương Lập Hưng mua với giá 4.000 USD. Ngoài ra, anh Trương Lập Hưng và Trương Lập Phát còn tặng 120 triệu đồng góp gạch để xây 4 căn nhà. \r\n\r\n- Tác phẩm “Ký Ức” của Họa sỹ Lê Triều Điển được anh Hồ Quang Mẫn mua với giá 1.100 USD. \r\n\r\n- \"Chân dung Phật tự tại\" của tác giả Lê Thanh Hà được đấu giá tĩnh bởi chị Nguyễn Như Mai với mức 800 USD, và chị Mai còn ủng hộ 10 triệu đồng góp 2 thiên gạch.   \r\n\r\n- \"Hoa hướng dương\" (Họa sỹ Nguyễn Quốc Thắng) được mua với giá 1.700 USD bởi chị Nguyễn Gia Bảo, chị Bảo còn ủng hộ thêm 10 triệu đồng phần góp gạch. \r\n\r\n- Tác phẩm \"Trâu nhà lũ\" của hoạ sỹ Lê Đình Nguyên được mua bởi MC Hoàng Phan Anh với mức giá 3.100 USD.\r\n\r\n- Tác phẩm “Một sớm tinh khôi” (Họa sỹ Trần Thảo Hiền) với mức giá 1.500 USD, tác phẩm “Mưa sau núi 02” (Họa sỹ Nguyễn Thế Hùng) với mức 2.300 USD đã được chị Thu Thảo và anh Đức Nam đấu giá thành công. Thêm vào đó, anh chị Nam – Thảo còn ủng hộ 10 triệu đồng góp gạch xây nhà. \r\n\r\n- “Chân dung một quý bà” được chính tác giả - Họa sỹ Lê Quảng Hà đấu giá thành công ở mức 3.000 USD, ngoài ra, họa sỹ còn ủng hộ thêm 5 triệu đồng cho phần góp gạch. \r\n\r\n- Tác phẩm “Other Dimensions” (Họa sỹ Tào Linh) và tác phẩm Thanh Xuân của họa sỹ  Thắm Poong đã được chị Hà Ngọc Anh đấu giá thành công ở mức lần lượt là 2.300 USD và 2.100 USD. \r\n\r\n- 2 bức “Giăng Tơ 08”, \"Giăng tơ 09\"( Họa sỹ Trần Thị Thu) 3.000 USD, tác phẩm “Home Way” của họa sỹ  Trần Mạnh Cường 1.800 USD đã được chị Nguyễn Ngọc Mỹ đấu giá thành công. Và chị Mỹ còn góp thêm 20 triệu đồng cho dự án Dựng Làng Hạnh Phúc. \r\n\r\n- Tác phẩm “Mùa ngô\" (Họa sỹ Nguyễn Văn Bảy) đã được chị Dương Ngọc Bích đấu giá thành công với mức 2.300 USD. \r\n\r\n-“Phong cảnh” (Họa sỹ Hồng Việt Dũng) 5.200 USD và tác phẩm “Hoa Mùa Xuân” (Họa sỹ Phan Thị Thủy) 900 USD đã thuộc về chị Mai Nghiêm, chị còn ủng hộ thêm 30 triệu đồng phần góp gạch. \r\n\r\n- Tác phẩm “Hoa dại” của Họa sỹ Doãn Hoàng Lâm đã được anh Phong Lê đấu giá thành công với mức giá 1.900 USD và 3 triệu đồng góp gạch. \r\n\r\n- Tác phẩm “Mùa lạnh” (Họa sỹ Lê Hữu Long) do anh Quân Trần quyên tặng đã được chị Đặng Ngọc Lan đấu giá thành công với mức giá 2.500 USD. \r\n\r\n- Chiếc Vespa Piaggio do chị Đặng Ngọc Lan quyên tặng đã được chị Minh Huyền đấu giá ở mức 6.500 USD và chị Huyền đã quyết định sẽ tặng lại Nhà Chống Lũ để năm sau tiếp tục bán gây quỹ.\r\n\r\n- Bức tranh \"Chuyện sáng nay\" của hoạ sĩ Hoàng Phong đã thuộc về anh Đỗ Quốc Khánh với mức giá 15 triệu đồng.\r\n\r\nNgoài đấu giá các tác phẩm nghệ thuật, Nhà Chống Lũ còn nhận được hơn 240 thiên gạch qua sự ủng hộ của:\r\n- Chị Tố Uyên: 30 triệu đồng.\r\n- Chị Minh Sa: 30 triệu đồng.\r\n- Chị Hải Dương: 60 triệu đồng.\r\n- Chị Quỳnh Mai: 5 triệu đồng.\r\n- Chị Lan My: 30 triệu đồng.\r\n- Công ty Fine Home: 5 triệu đồng.\r\n- Chị Thu Hà: 10 triệu đồng.\r\n- Anh Chí Sơn: 5 triệu đồng.\r\n- Chị Misa Vũ: 10 triệu đồng.\r\n- Chị Thân Thục Quyên: 30 triệu đồng.\r\n- Chị Thanh Nam: 10 triệu đồng.\r\n- Chị Hồng Phúc: 5 triệu đồng.\r\n- Chị Hồ Diệu Linh: 35 triệu đồng.\r\n- Chị Minh Anh: 10 triệu đồng.\r\n- Chị Ánh Phương: 5 triệu đồng.\r\n- Chị Thanh Tâm: 5 triệu đồng.\r\n- Chị Thủy Nguyễn: 10 triệu đồng.\r\n- Chị Vũ Kim Dung: 5 triệu đồng.\r\n- Chị Xuân Hồng: 50 triệu đồng.\r\n- Anh Quân Ngọc: 5 triệu đồng.\r\n- Một vị mạnh thường quân giấu tên: 2 triệu đồng.\r\n- Chị Tuyết: 1,5 triệu đồng.- Chị Quỳnh Vũ: 5 triệu đồng.\r\n- Chị Nguyễn Thị Thanh Hương (công ty Vilaco): 5 triệu đồng.\r\n- Cô Hương Bích: 10 triệu đồng.\r\n- Nhà sách Nhân Văn: 5 triệu đồng.\r\n- Chị Tố Liên: 5 triệu đồng.\r\n- Chị Hoàng Ánh: 2 triệu đồng.\r\n- Anh Tuấn, chị Trà: 5 triệu đồng.\r\n- Chị Thanh Hà: 5 triệu đồng.\r\n- Bé Vũ Thái An (con gái ca sỹ  Thái Thùy Linh): 2 triệu đồng.\r\n- Chị Hoàng Thị Thu Hương: 30 triệu đồng.- Chị Hải Yến: 10 triệu đồng.\r\n- Công ty ALC Pharma: 30 triệu đồng.\r\n- Chị Nguyễn Thị Thanh Hương: 10 triệu đồng.\r\n- Chị Lê Phương Thảo: 5 triệu đồng.\r\n- Chị Thoa Nguyễn: 1 triệu đồng.\r\n- Chị Mai Anh: 2 triệu đồng.\r\n- Chị Phương Cúc: 3 triệu đồng.\r\n- Chị Dương Thùy Linh: 5 triệu đồng.\r\n- Chị Hồng Nhung: 10 triệu đồng.\r\n- Chị Trần Mai Anh, chị Na Hương: 5 triệu đồng.\r\n- Anh Trần Vũ Hoài: 70 triệu đồng.\r\n- Chị Thanh Huyền: 30 triệu đồng.\r\n- Chị Thanh Hà: 5 triệu đồng.\r\n- Chị Trần Thảo Trang: 5 triệu đồng.\r\n- Chị Nguyễn Hồng Nhung: 5 triệu đồng.\r\n- Anh Lê Sĩ Nam: 10 triệu đồng.\r\n- Chị Nguyễn Châu Hoa: 5 triệu đồng.\r\n- Chị Đào Ngô và các bạn: 5 triệu đồng.\r\n- Chị Nguyễn Thanh Hương: 5 triệu đồng.\r\n- Anh Nguyễn Thái Sơn và anh Nguyễn Trường Thịnh: 2 triệu đồng.\r\n- Chị Bùi Thanh Hằng: 5 triệu đồng.\r\n- Bé Bảo Châu (con gái chị Kim Hoa): 5 triệu đồng.\r\n- Chị Quách Thu Thủy: 30 triệu đồng.\r\n- Chị Nguyễn Đan Lê: 5 triệu.\r\n- Bé Lan Khánh (con gái chị Khanh): 2 triệu đồng.\r\n- Chị Phan Thị Hiền Giang: 5 triệu đồng.\r\n- Chị Lưu Thị Viết Hồng: 30 triệu đồng.\r\n- Chị Nguyễn Mỹ Giang Hương: 10 triệu đồng.\r\n- Chị Nhung Lê: 1 triệu đồng.\r\n- Chị Đinh Lê Na: 1 triệu đồng.\r\n- Chị Hoàng Cẩm Vân: 10 triệu đồng.\r\n- Cô Liên và Chú Hiệp: 100 triệu đồng.- Chị Lê Vân Anh (CEO Công ty Red Apron): 100 triệu đồng.\r\n- Chị Nguyễn Thị Phương Lan: 20 triệu đồng.\r\n- Chị Tú Oanh: 2 triệu đồng.\r\n- Chị Linh Ngân: 3 triệu.\r\n- Chị Phạm Thu Hằng: 2 triệu. \r\n- Chị Hoàng Thị Tuyết Hạnh: 50 triệu đồng.\r\n- Chị Phạm Thị Thu Hằng: 2 triệu đồng.- Anh Lục Vũ Hoài: 2 triệu đồng.\r\n- Hoạ sỹ Bùi Văn Tuất mua 1 bức tranh trong bộ sưu tập của NCL năm 2018 với giá 1.000$.</pre><p style=\"-webkit-tap-highlight-color: transparent; margin-bottom: 15px; line-height: 1.618; color: rgb(60, 72, 88); font-family: &quot;Source Serif Pro&quot;; font-size: 18px;\"><em style=\"-webkit-tap-highlight-color: transparent;\">Bên cạnh đó, để có các vật phẩm đấu giá, để đêm gây quỹ được thành công, dự án Nhà Chống Lũ không thể không cảm ơn các cá nhân, các tổ chức đã ủng hộ, kề vai sát cánh với dự án:</em></p><p style=\"-webkit-tap-highlight-color: transparent; margin-bottom: 15px; line-height: 1.618; color: rgb(60, 72, 88); font-family: &quot;Source Serif Pro&quot;; font-size: 18px;\">Các nghệ sỹ , hoạ sỹ đã cùng đóng góp các tác phẩm nghệ thuật rất giá trị của mình cho Nhà Chống Lũ: họa sỹ Lê Quảng Hà, họa sỹ Hồng Việt Dũng, họa sỹ Đinh Thị Thắm Poong, họa sỹ – nhiếp ảnh gia Nguyễn Thế Sơn, họa sỹ Nguyễn Thế Hùng, nghệ sỹ thị giác Ly Hoàng Ly, họa sỹ Nguyễn Quốc Thái, họa sỹ Lê Triều Điển, họa sỹ Tào Linh, họa sỹ Doãn Hoàng Lâm, họa sỹ Nguyễn Quang Huy, hoạ sỹ Lê Đình Nguyên, họa sỹ Nguyễn Văn Đức, họa sỹ Nguyễn Thị Châu Giang, họa sỹ Bình Nhi, họa sỹ Nguyễn Quốc Thắng, họa sỹ Phan Thùy Trang, họa sỹ Đỗ Văn Hiệp, họa sỹ Lê Anh Huy, họa sỹ Nguyễn Quốc Dũng, họa sỹ Lê Phi Hùng, họa sỹ Khổng Đỗ Duy, họa sỹ Hùng Rô, họa sỹ Nguyễn Quang Vinh, họa sỹ Bùi Trọng Dư, họa sỹ Mai Lê, họa sỹ Trần Quốc Vinh, họa sỹ Lê Thanh Hà, họa sỹ Nguyễn Thu Thủy, họa sỹ Trần Thị Thu, họa sỹ Nguyễn Việt Cường, họa sỹ Đinh Thị Thu Trang, họa sỹ Đỗ Đức, họa sỹ Trần Thảo Hiền, họa sỹ Nguyễn Bá Kiên, họa sỹ Nguyễn Văn Bảy, họa sỹ Trần Mạnh Cường, họa sỹ Nguyễn Thị Mỵ, họa sỹ Phan Thị Thủy, họa sỹ Đỗ Tuấn Thành, họa sỹ Nguyễn Quang Thắng, họa sỹ Phan Thị Thanh Nhàn, họa sỹ Nguyễn Vi Thủy, họa sỹ Vũ Ngọc Vĩnh…, chị Ngô Ngọc Nga đã tặng tác phẩm “Ngọc đồng tiền”, chị Đặng Ngọc Lan đã quyên tặng chiếc Xe máy Vespa Piaggio và anh Quân Trần đã tặng tác phẩm “Mùa Lạnh”.</p><p style=\"-webkit-tap-highlight-color: transparent; margin-bottom: 15px; line-height: 1.618; color: rgb(60, 72, 88); font-family: &quot;Source Serif Pro&quot;; font-size: 18px;\">Người hùng vận chuyển Speedlight đã giúp các tác phẩm nghệ thuật từ mọi miền đến với Nhà Lũ và đến tay từng mạnh thường quân đã đấu giá thành công.</p><p style=\"-webkit-tap-highlight-color: transparent; margin-bottom: 15px; line-height: 1.618; color: rgb(60, 72, 88); font-family: &quot;Source Serif Pro&quot;; font-size: 18px;\">Các ca sỹ : Đức Tuấn, Nguyên Hà, Phạm Anh Khoa, Phúc Bồ, chị Thỏ, ca sỹ Hà Lê, Ngọc Minh Idol, ca sỹ Thái Thùy Linh và con gái Thái An đã mang đến những bài hát thật sự chạm đến trái tim của mọi người.</p><p style=\"-webkit-tap-highlight-color: transparent; margin-bottom: 15px; line-height: 1.618; color: rgb(60, 72, 88); font-family: &quot;Source Serif Pro&quot;; font-size: 18px;\">Sự hỗ trợ hết mình của Siêu mẫu Vũ Cẩm Nhung, MC Phan Anh trong chương trình đấu giá. Cùng phần dẫn dắt rất cảm động của MC Sơn Lâm.</p><p style=\"-webkit-tap-highlight-color: transparent; margin-bottom: 15px; line-height: 1.618; color: rgb(60, 72, 88); font-family: &quot;Source Serif Pro&quot;; font-size: 18px;\">Nhà tài trợ địa điểm: Le Meridien tại Tp. Hồ Chí Minh và Press Club tại Hà Nội.Tài trợ đồ uống: Thương hiệu Red Apron.</p><p style=\"-webkit-tap-highlight-color: transparent; margin-bottom: 15px; line-height: 1.618; color: rgb(60, 72, 88); font-family: &quot;Source Serif Pro&quot;; font-size: 18px;\">Các đơn vị báo, đài đã đến đưa tin để ý nghĩa của chương trình được lan tỏa.</p><p style=\"-webkit-tap-highlight-color: transparent; margin-bottom: 15px; line-height: 1.618; color: rgb(60, 72, 88); font-family: &quot;Source Serif Pro&quot;; font-size: 18px;\">Hàng trăm giờ lao động thiện nguyện bền bỉ, sáng tạo và giàu tâm sức của các agency: PENCIL, LEO Events, AWA, BUZZMETRIC, GBOX, SMEDIA, SGCE Studio, Đạo diễn Nguyễn Thị Thắm, NAG Thảo Ngô và các bạn tình nguyện viên,…</p><p style=\"-webkit-tap-highlight-color: transparent; margin-bottom: 15px; line-height: 1.618; color: rgb(60, 72, 88); font-family: &quot;Source Serif Pro&quot;; font-size: 18px;\">Sống Foundation &amp; Dự án Nhà Chống Lũ xin gửi lời tri ân đến tất cả các bạn!</p>', '2021-12-01 10:06:47', '2021-12-01 11:23:00', 1, 'Nhà-Chống-Lũ-xin-cảm-ơn-các-mạnh-thường-quân-đã-tham-gia-quyên-góp', '7df5dcc13cac58970b00096197398bf7.jpg');
INSERT INTO `tblposts` (`id`, `PostTitle`, `CategoryId`, `SubCategoryId`, `PostDetails`, `PostingDate`, `UpdationDate`, `Is_Active`, `PostUrl`, `PostImage`) VALUES
(34, 'Hạnh Phúc Xanh: Công bố Danh sách Người ủng hộ dự án Trồng rừng Ngập mặn 2020', 11, 16, '<div class=\"row\" style=\"-webkit-tap-highlight-color: transparent; margin-left: -15px; margin-right: -15px; color: rgb(60, 72, 88); font-family: &quot;Source Serif Pro&quot;; font-size: 18px;\"><div class=\"col-md-12\" style=\"-webkit-tap-highlight-color: transparent; padding-left: 15px; padding-right: 15px; width: 780px;\"><img alt=\"\" data-src=\"https://song.org.vn/wp-content/uploads/2-2.png\" class=\"wp-post-image image-in-page lazyloaded\" src=\"https://song.org.vn/wp-content/uploads/2-2.png\" style=\"-webkit-tap-highlight-color: transparent; max-width: 100%; height: auto; margin-bottom: 30px; opacity: 1; transition: opacity 400ms ease 0ms;\"></div></div><figure class=\"wp-block-table is-style-stripes\" style=\"-webkit-tap-highlight-color: transparent; margin-bottom: 1em; overflow-x: auto; border-spacing: 0px; border-collapse: inherit; border-bottom: 1px solid rgb(240, 240, 240); color: rgb(60, 72, 88); font-family: &quot;Source Serif Pro&quot;; font-size: 18px;\"><table style=\"-webkit-tap-highlight-color: transparent; width: 750px;\"><tbody style=\"-webkit-tap-highlight-color: transparent;\"><tr style=\"-webkit-tap-highlight-color: transparent; border-bottom: 1px solid rgb(238, 238, 238); background-color: rgb(240, 240, 240);\"><td style=\"-webkit-tap-highlight-color: transparent; padding: 12px 8px; vertical-align: middle; border-color: transparent;\"><strong style=\"-webkit-tap-highlight-color: transparent;\">Ngày</strong></td><td style=\"-webkit-tap-highlight-color: transparent; padding: 12px 8px; vertical-align: middle; border-color: transparent;\"><strong style=\"-webkit-tap-highlight-color: transparent;\">Khoản thu</strong></td><td style=\"-webkit-tap-highlight-color: transparent; padding: 12px 8px; vertical-align: middle; border-color: transparent;\"><strong style=\"-webkit-tap-highlight-color: transparent;\">SĐT</strong></td><td style=\"-webkit-tap-highlight-color: transparent; padding: 12px 8px; vertical-align: middle; border-color: transparent;\"><strong style=\"-webkit-tap-highlight-color: transparent;\">Tên Người đóng góp</strong></td></tr><tr style=\"-webkit-tap-highlight-color: transparent; border-bottom: 1px solid rgb(238, 238, 238);\"><td style=\"-webkit-tap-highlight-color: transparent; padding: 12px 8px; vertical-align: middle; border-color: transparent;\">26/05/2020</td><td style=\"-webkit-tap-highlight-color: transparent; padding: 12px 8px; vertical-align: middle; border-color: transparent;\">450,000</td><td style=\"-webkit-tap-highlight-color: transparent; padding: 12px 8px; vertical-align: middle; border-color: transparent;\"></td><td style=\"-webkit-tap-highlight-color: transparent; padding: 12px 8px; vertical-align: middle; border-color: transparent;\">CUNGGREENHUB TRONG RUNG NGAP MAN</td></tr><tr style=\"-webkit-tap-highlight-color: transparent; border-bottom: 1px solid rgb(238, 238, 238); background-color: rgb(240, 240, 240);\"><td style=\"-webkit-tap-highlight-color: transparent; padding: 12px 8px; vertical-align: middle; border-color: transparent;\">27/05/2020</td><td style=\"-webkit-tap-highlight-color: transparent; padding: 12px 8px; vertical-align: middle; border-color: transparent;\">270,000</td><td style=\"-webkit-tap-highlight-color: transparent; padding: 12px 8px; vertical-align: middle; border-color: transparent;\">0901545XXX</td><td style=\"-webkit-tap-highlight-color: transparent; padding: 12px 8px; vertical-align: middle; border-color: transparent;\">TRNN LAM</td></tr><tr style=\"-webkit-tap-highlight-color: transparent; border-bottom: 1px solid rgb(238, 238, 238);\"><td style=\"-webkit-tap-highlight-color: transparent; padding: 12px 8px; vertical-align: middle; border-color: transparent;\">27/05/2020</td><td style=\"-webkit-tap-highlight-color: transparent; padding: 12px 8px; vertical-align: middle; border-color: transparent;\">90,000</td><td style=\"-webkit-tap-highlight-color: transparent; padding: 12px 8px; vertical-align: middle; border-color: transparent;\">0938913XXX</td><td style=\"-webkit-tap-highlight-color: transparent; padding: 12px 8px; vertical-align: middle; border-color: transparent;\">TRMNBUI QUANG CHI BUI QUANG CHI</td></tr><tr style=\"-webkit-tap-highlight-color: transparent; border-bottom: 1px solid rgb(238, 238, 238); background-color: rgb(240, 240, 240);\"><td style=\"-webkit-tap-highlight-color: transparent; padding: 12px 8px; vertical-align: middle; border-color: transparent;\">29/05/2020</td><td style=\"-webkit-tap-highlight-color: transparent; padding: 12px 8px; vertical-align: middle; border-color: transparent;\">360,000</td><td style=\"-webkit-tap-highlight-color: transparent; padding: 12px 8px; vertical-align: middle; border-color: transparent;\">0903870XXX</td><td style=\"-webkit-tap-highlight-color: transparent; padding: 12px 8px; vertical-align: middle; border-color: transparent;\">TRMN TRANTHINGOCANH</td></tr><tr style=\"-webkit-tap-highlight-color: transparent; border-bottom: 1px solid rgb(238, 238, 238);\"><td style=\"-webkit-tap-highlight-color: transparent; padding: 12px 8px; vertical-align: middle; border-color: transparent;\">29/05/2020</td><td style=\"-webkit-tap-highlight-color: transparent; padding: 12px 8px; vertical-align: middle; border-color: transparent;\">200,000</td><td style=\"-webkit-tap-highlight-color: transparent; padding: 12px 8px; vertical-align: middle; border-color: transparent;\"></td><td style=\"-webkit-tap-highlight-color: transparent; padding: 12px 8px; vertical-align: middle; border-color: transparent;\">SOC TRANG TRONG RUNG</td></tr><tr style=\"-webkit-tap-highlight-color: transparent; border-bottom: 1px solid rgb(238, 238, 238); background-color: rgb(240, 240, 240);\"><td style=\"-webkit-tap-highlight-color: transparent; padding: 12px 8px; vertical-align: middle; border-color: transparent;\">30/05/2020</td><td style=\"-webkit-tap-highlight-color: transparent; padding: 12px 8px; vertical-align: middle; border-color: transparent;\">100,000</td><td style=\"-webkit-tap-highlight-color: transparent; padding: 12px 8px; vertical-align: middle; border-color: transparent;\"></td><td style=\"-webkit-tap-highlight-color: transparent; padding: 12px 8px; vertical-align: middle; border-color: transparent;\">TRONG RUNG NGAP MAN</td></tr><tr style=\"-webkit-tap-highlight-color: transparent; border-bottom: 1px solid rgb(238, 238, 238);\"><td style=\"-webkit-tap-highlight-color: transparent; padding: 12px 8px; vertical-align: middle; border-color: transparent;\">31/05/2020</td><td style=\"-webkit-tap-highlight-color: transparent; padding: 12px 8px; vertical-align: middle; border-color: transparent;\">90,000</td><td style=\"-webkit-tap-highlight-color: transparent; padding: 12px 8px; vertical-align: middle; border-color: transparent;\"></td><td style=\"-webkit-tap-highlight-color: transparent; padding: 12px 8px; vertical-align: middle; border-color: transparent;\">TRNN NHO CHUONG TRINH CA NHE</td></tr><tr style=\"-webkit-tap-highlight-color: transparent; border-bottom: 1px solid rgb(238, 238, 238); background-color: rgb(240, 240, 240);\"><td style=\"-webkit-tap-highlight-color: transparent; padding: 12px 8px; vertical-align: middle; border-color: transparent;\">31/05/2020</td><td style=\"-webkit-tap-highlight-color: transparent; padding: 12px 8px; vertical-align: middle; border-color: transparent;\">200,000</td><td style=\"-webkit-tap-highlight-color: transparent; padding: 12px 8px; vertical-align: middle; border-color: transparent;\"></td><td style=\"-webkit-tap-highlight-color: transparent; padding: 12px 8px; vertical-align: middle; border-color: transparent;\">TRMN</td></tr><tr style=\"-webkit-tap-highlight-color: transparent; border-bottom: 1px solid rgb(238, 238, 238);\"><td style=\"-webkit-tap-highlight-color: transparent; padding: 12px 8px; vertical-align: middle; border-color: transparent;\">31/05/2020</td><td style=\"-webkit-tap-highlight-color: transparent; padding: 12px 8px; vertical-align: middle; border-color: transparent;\">450,000</td><td style=\"-webkit-tap-highlight-color: transparent; padding: 12px 8px; vertical-align: middle; border-color: transparent;\">0989441XXX</td><td style=\"-webkit-tap-highlight-color: transparent; padding: 12px 8px; vertical-align: middle; border-color: transparent;\">TRMNDUYEN</td></tr><tr style=\"-webkit-tap-highlight-color: transparent; border-bottom: 1px solid rgb(238, 238, 238); background-color: rgb(240, 240, 240);\"><td style=\"-webkit-tap-highlight-color: transparent; padding: 12px 8px; vertical-align: middle; border-color: transparent;\">31/05/2020</td><td style=\"-webkit-tap-highlight-color: transparent; padding: 12px 8px; vertical-align: middle; border-color: transparent;\">200,000</td><td style=\"-webkit-tap-highlight-color: transparent; padding: 12px 8px; vertical-align: middle; border-color: transparent;\">0398045XXX</td><td style=\"-webkit-tap-highlight-color: transparent; padding: 12px 8px; vertical-align: middle; border-color: transparent;\">TRNNNGUYEN QUANG ANH</td></tr><tr style=\"-webkit-tap-highlight-color: transparent; border-bottom: 1px solid rgb(238, 238, 238);\"><td style=\"-webkit-tap-highlight-color: transparent; padding: 12px 8px; vertical-align: middle; border-color: transparent;\">31/05/2020</td><td style=\"-webkit-tap-highlight-color: transparent; padding: 12px 8px; vertical-align: middle; border-color: transparent;\">90,000</td><td style=\"-webkit-tap-highlight-color: transparent; padding: 12px 8px; vertical-align: middle; border-color: transparent;\">0905644XXX</td><td style=\"-webkit-tap-highlight-color: transparent; padding: 12px 8px; vertical-align: middle; border-color: transparent;\">TRMNVUTHAINAM</td></tr><tr style=\"-webkit-tap-highlight-color: transparent; border-bottom: 1px solid rgb(238, 238, 238); background-color: rgb(240, 240, 240);\"><td style=\"-webkit-tap-highlight-color: transparent; padding: 12px 8px; vertical-align: middle; border-color: transparent;\">31/05/2020</td><td style=\"-webkit-tap-highlight-color: transparent; padding: 12px 8px; vertical-align: middle; border-color: transparent;\">5,310,000</td><td style=\"-webkit-tap-highlight-color: transparent; padding: 12px 8px; vertical-align: middle; border-color: transparent;\"></td><td style=\"-webkit-tap-highlight-color: transparent; padding: 12px 8px; vertical-align: middle; border-color: transparent;\">K ATELIER CAY TRONG RUNG VUNG DAT</td></tr><tr style=\"-webkit-tap-highlight-color: transparent; border-bottom: 1px solid rgb(238, 238, 238);\"><td style=\"-webkit-tap-highlight-color: transparent; padding: 12px 8px; vertical-align: middle; border-color: transparent;\">31/05/2020</td><td style=\"-webkit-tap-highlight-color: transparent; padding: 12px 8px; vertical-align: middle; border-color: transparent;\">1,000,000</td><td style=\"-webkit-tap-highlight-color: transparent; padding: 12px 8px; vertical-align: middle; border-color: transparent;\"></td><td style=\"-webkit-tap-highlight-color: transparent; padding: 12px 8px; vertical-align: middle; border-color: transparent;\">DUONG DIEM TRANGTRMN TRONG RUNG</td></tr><tr style=\"-webkit-tap-highlight-color: transparent; border-bottom: 1px solid rgb(238, 238, 238); background-color: rgb(240, 240, 240);\"><td style=\"-webkit-tap-highlight-color: transparent; padding: 12px 8px; vertical-align: middle; border-color: transparent;\">31/05/2020</td><td style=\"-webkit-tap-highlight-color: transparent; padding: 12px 8px; vertical-align: middle; border-color: transparent;\">100,000</td><td style=\"-webkit-tap-highlight-color: transparent; padding: 12px 8px; vertical-align: middle; border-color: transparent;\"></td><td style=\"-webkit-tap-highlight-color: transparent; padding: 12px 8px; vertical-align: middle; border-color: transparent;\">GOP VAO TRONG RUNG NGUYEN THAI SON</td></tr><tr style=\"-webkit-tap-highlight-color: transparent; border-bottom: 1px solid rgb(238, 238, 238);\"><td style=\"-webkit-tap-highlight-color: transparent; padding: 12px 8px; vertical-align: middle; border-color: transparent;\">31/05/2020</td><td style=\"-webkit-tap-highlight-color: transparent; padding: 12px 8px; vertical-align: middle; border-color: transparent;\">90,000</td><td style=\"-webkit-tap-highlight-color: transparent; padding: 12px 8px; vertical-align: middle; border-color: transparent;\">0918710XXX</td><td style=\"-webkit-tap-highlight-color: transparent; padding: 12px 8px; vertical-align: middle; border-color: transparent;\">TRMNTRAN THIEN TUONG TRAN THIEN TUONG</td></tr><tr style=\"-webkit-tap-highlight-color: transparent; border-bottom: 1px solid rgb(238, 238, 238); background-color: rgb(240, 240, 240);\"><td style=\"-webkit-tap-highlight-color: transparent; padding: 12px 8px; vertical-align: middle; border-color: transparent;\">31/05/2020</td><td style=\"-webkit-tap-highlight-color: transparent; padding: 12px 8px; vertical-align: middle; border-color: transparent;\">360,000</td><td style=\"-webkit-tap-highlight-color: transparent; padding: 12px 8px; vertical-align: middle; border-color: transparent;\">0938639XXX</td><td style=\"-webkit-tap-highlight-color: transparent; padding: 12px 8px; vertical-align: middle; border-color: transparent;\">TRMN PHAMDOMINHTRI PHAM DO MINH TRI</td></tr><tr style=\"-webkit-tap-highlight-color: transparent; border-bottom: 1px solid rgb(238, 238, 238);\"><td style=\"-webkit-tap-highlight-color: transparent; padding: 12px 8px; vertical-align: middle; border-color: transparent;\">31/05/2020</td><td style=\"-webkit-tap-highlight-color: transparent; padding: 12px 8px; vertical-align: middle; border-color: transparent;\">700,000</td><td style=\"-webkit-tap-highlight-color: transparent; padding: 12px 8px; vertical-align: middle; border-color: transparent;\"></td><td style=\"-webkit-tap-highlight-color: transparent; padding: 12px 8px; vertical-align: middle; border-color: transparent;\">TRONG RUNG VUNG DAT NGUYEN THI HUYEN</td></tr><tr style=\"-webkit-tap-highlight-color: transparent; border-bottom: 1px solid rgb(238, 238, 238); background-color: rgb(240, 240, 240);\"><td style=\"-webkit-tap-highlight-color: transparent; padding: 12px 8px; vertical-align: middle; border-color: transparent;\">31/05/2020</td><td style=\"-webkit-tap-highlight-color: transparent; padding: 12px 8px; vertical-align: middle; border-color: transparent;\">90,000</td><td style=\"-webkit-tap-highlight-color: transparent; padding: 12px 8px; vertical-align: middle; border-color: transparent;\">0917833XXX</td><td style=\"-webkit-tap-highlight-color: transparent; padding: 12px 8px; vertical-align: middle; border-color: transparent;\">TRMN LE PHAM HANH DUNG LE PHAM HANH DUNG</td></tr><tr style=\"-webkit-tap-highlight-color: transparent; border-bottom: 1px solid rgb(238, 238, 238);\"><td style=\"-webkit-tap-highlight-color: transparent; padding: 12px 8px; vertical-align: middle; border-color: transparent;\">31/05/2020</td><td style=\"-webkit-tap-highlight-color: transparent; padding: 12px 8px; vertical-align: middle; border-color: transparent;\">90,000</td><td style=\"-webkit-tap-highlight-color: transparent; padding: 12px 8px; vertical-align: middle; border-color: transparent;\">0983845XXX</td><td style=\"-webkit-tap-highlight-color: transparent; padding: 12px 8px; vertical-align: middle; border-color: transparent;\">TRMNHOANGUYEN NGUYEN VAN HOA</td></tr><tr style=\"-webkit-tap-highlight-color: transparent; border-bottom: 1px solid rgb(238, 238, 238); background-color: rgb(240, 240, 240);\"><td style=\"-webkit-tap-highlight-color: transparent; padding: 12px 8px; vertical-align: middle; border-color: transparent;\">01/06/2020</td><td style=\"-webkit-tap-highlight-color: transparent; padding: 12px 8px; vertical-align: middle; border-color: transparent;\">1,000,000</td><td style=\"-webkit-tap-highlight-color: transparent; padding: 12px 8px; vertical-align: middle; border-color: transparent;\">0869148XXX</td><td style=\"-webkit-tap-highlight-color: transparent; padding: 12px 8px; vertical-align: middle; border-color: transparent;\">TRMN TANH QUAN CHIEU</td></tr><tr style=\"-webkit-tap-highlight-color: transparent; border-bottom: 1px solid rgb(238, 238, 238);\"><td style=\"-webkit-tap-highlight-color: transparent; padding: 12px 8px; vertical-align: middle; border-color: transparent;\">01/06/2020</td><td style=\"-webkit-tap-highlight-color: transparent; padding: 12px 8px; vertical-align: middle; border-color: transparent;\">270,000</td><td style=\"-webkit-tap-highlight-color: transparent; padding: 12px 8px; vertical-align: middle; border-color: transparent;\"></td><td style=\"-webkit-tap-highlight-color: transparent; padding: 12px 8px; vertical-align: middle; border-color: transparent;\">GOP CAY TRONG RUNG NGAP MAN</td></tr><tr style=\"-webkit-tap-highlight-color: transparent; border-bottom: 1px solid rgb(238, 238, 238); background-color: rgb(240, 240, 240);\"><td style=\"-webkit-tap-highlight-color: transparent; padding: 12px 8px; vertical-align: middle; border-color: transparent;\">01/06/2020</td><td style=\"-webkit-tap-highlight-color: transparent; padding: 12px 8px; vertical-align: middle; border-color: transparent;\">450,000</td><td style=\"-webkit-tap-highlight-color: transparent; padding: 12px 8px; vertical-align: middle; border-color: transparent;\">0123456XXX</td><td style=\"-webkit-tap-highlight-color: transparent; padding: 12px 8px; vertical-align: middle; border-color: transparent;\">TRMN HIEN ZPMELHOE</td></tr><tr style=\"-webkit-tap-highlight-color: transparent; border-bottom: 1px solid rgb(238, 238, 238);\"><td style=\"-webkit-tap-highlight-color: transparent; padding: 12px 8px; vertical-align: middle; border-color: transparent;\">01/06/2020</td><td style=\"-webkit-tap-highlight-color: transparent; padding: 12px 8px; vertical-align: middle; border-color: transparent;\">90,000</td><td style=\"-webkit-tap-highlight-color: transparent; padding: 12px 8px; vertical-align: middle; border-color: transparent;\"></td><td style=\"-webkit-tap-highlight-color: transparent; padding: 12px 8px; vertical-align: middle; border-color: transparent;\">TRONG RUNG VUNG DAT</td></tr><tr style=\"-webkit-tap-highlight-color: transparent; border-bottom: 1px solid rgb(238, 238, 238); background-color: rgb(240, 240, 240);\"><td style=\"-webkit-tap-highlight-color: transparent; padding: 12px 8px; vertical-align: middle; border-color: transparent;\">01/06/2020</td><td style=\"-webkit-tap-highlight-color: transparent; padding: 12px 8px; vertical-align: middle; border-color: transparent;\">90,000</td><td style=\"-webkit-tap-highlight-color: transparent; padding: 12px 8px; vertical-align: middle; border-color: transparent;\"></td><td style=\"-webkit-tap-highlight-color: transparent; padding: 12px 8px; vertical-align: middle; border-color: transparent;\">CT TRONG RUNG</td></tr><tr style=\"-webkit-tap-highlight-color: transparent; border-bottom: 1px solid rgb(238, 238, 238);\"><td style=\"-webkit-tap-highlight-color: transparent; padding: 12px 8px; vertical-align: middle; border-color: transparent;\">01/06/2020</td><td style=\"-webkit-tap-highlight-color: transparent; padding: 12px 8px; vertical-align: middle; border-color: transparent;\">90,000</td><td style=\"-webkit-tap-highlight-color: transparent; padding: 12px 8px; vertical-align: middle; border-color: transparent;\"></td><td style=\"-webkit-tap-highlight-color: transparent; padding: 12px 8px; vertical-align: middle; border-color: transparent;\">TRMN</td></tr><tr style=\"-webkit-tap-highlight-color: transparent; border-bottom: 1px solid rgb(238, 238, 238); background-color: rgb(240, 240, 240);\"><td style=\"-webkit-tap-highlight-color: transparent; padding: 12px 8px; vertical-align: middle; border-color: transparent;\">01/06/2020</td><td style=\"-webkit-tap-highlight-color: transparent; padding: 12px 8px; vertical-align: middle; border-color: transparent;\">90,000</td><td style=\"-webkit-tap-highlight-color: transparent; padding: 12px 8px; vertical-align: middle; border-color: transparent;\"></td><td style=\"-webkit-tap-highlight-color: transparent; padding: 12px 8px; vertical-align: middle; border-color: transparent;\">TRONG RUNG XANH</td></tr><tr style=\"-webkit-tap-highlight-color: transparent; border-bottom: 1px solid rgb(238, 238, 238);\"><td style=\"-webkit-tap-highlight-color: transparent; padding: 12px 8px; vertical-align: middle; border-color: transparent;\">01/06/2020</td><td style=\"-webkit-tap-highlight-color: transparent; padding: 12px 8px; vertical-align: middle; border-color: transparent;\">180,000</td><td style=\"-webkit-tap-highlight-color: transparent; padding: 12px 8px; vertical-align: middle; border-color: transparent;\">0908083XXX</td><td style=\"-webkit-tap-highlight-color: transparent; padding: 12px 8px; vertical-align: middle; border-color: transparent;\">TRMNNGUYEN THI THU LAI</td></tr><tr style=\"-webkit-tap-highlight-color: transparent; border-bottom: 1px solid rgb(238, 238, 238); background-color: rgb(240, 240, 240);\"><td style=\"-webkit-tap-highlight-color: transparent; padding: 12px 8px; vertical-align: middle; border-color: transparent;\">01/06/2020</td><td style=\"-webkit-tap-highlight-color: transparent; padding: 12px 8px; vertical-align: middle; border-color: transparent;\">500,000</td><td style=\"-webkit-tap-highlight-color: transparent; padding: 12px 8px; vertical-align: middle; border-color: transparent;\"></td><td style=\"-webkit-tap-highlight-color: transparent; padding: 12px 8px; vertical-align: middle; border-color: transparent;\">BA TRAN THI LAN CHIEN DICH TRONG RUNG VUNG T</td></tr><tr style=\"-webkit-tap-highlight-color: transparent; border-bottom: 1px solid rgb(238, 238, 238);\"><td style=\"-webkit-tap-highlight-color: transparent; padding: 12px 8px; vertical-align: middle; border-color: transparent;\">01/06/2020</td><td style=\"-webkit-tap-highlight-color: transparent; padding: 12px 8px; vertical-align: middle; border-color: transparent;\">90,000</td><td style=\"-webkit-tap-highlight-color: transparent; padding: 12px 8px; vertical-align: middle; border-color: transparent;\"></td><td style=\"-webkit-tap-highlight-color: transparent; padding: 12px 8px; vertical-align: middle; border-color: transparent;\">VU THI HUONG QUYNHTRMN HUONG NH GOP CAY XANH</td></tr><tr style=\"-webkit-tap-highlight-color: transparent; border-bottom: 1px solid rgb(238, 238, 238); background-color: rgb(240, 240, 240);\"><td style=\"-webkit-tap-highlight-color: transparent; padding: 12px 8px; vertical-align: middle; border-color: transparent;\">01/06/2020</td><td style=\"-webkit-tap-highlight-color: transparent; padding: 12px 8px; vertical-align: middle; border-color: transparent;\">90,000</td><td style=\"-webkit-tap-highlight-color: transparent; padding: 12px 8px; vertical-align: middle; border-color: transparent;\">0327890XXX</td><td style=\"-webkit-tap-highlight-color: transparent; padding: 12px 8px; vertical-align: middle; border-color: transparent;\">TRMN BUI TRI NHAN BUI TRI NHAN</td></tr><tr style=\"-webkit-tap-highlight-color: transparent; border-bottom: 1px solid rgb(238, 238, 238);\"><td style=\"-webkit-tap-highlight-color: transparent; padding: 12px 8px; vertical-align: middle; border-color: transparent;\">01/06/2020</td><td style=\"-webkit-tap-highlight-color: transparent; padding: 12px 8px; vertical-align: middle; border-color: transparent;\">90,000</td><td style=\"-webkit-tap-highlight-color: transparent; padding: 12px 8px; vertical-align: middle; border-color: transparent;\"></td><td style=\"-webkit-tap-highlight-color: transparent; padding: 12px 8px; vertical-align: middle; border-color: transparent;\">CHUNG TAY TRONG RUNG NGAP MAN VI MOT TUONG LAI XANH NGUYEN NGOC CHAU GIANG</td></tr><tr style=\"-webkit-tap-highlight-color: transparent; border-bottom: 1px solid rgb(238, 238, 238); background-color: rgb(240, 240, 240);\"><td style=\"-webkit-tap-highlight-color: transparent; padding: 12px 8px; vertical-align: middle; border-color: transparent;\">01/06/2020</td><td style=\"-webkit-tap-highlight-color: transparent; padding: 12px 8px; vertical-align: middle; border-color: transparent;\">90,000</td><td style=\"-webkit-tap-highlight-color: transparent; padding: 12px 8px; vertical-align: middle; border-color: transparent;\"></td><td style=\"-webkit-tap-highlight-color: transparent; padding: 12px 8px; vertical-align: middle; border-color: transparent;\">RUNG NGAP MAN LAM THI NGOC BICH</td></tr><tr style=\"-webkit-tap-highlight-color: transparent; border-bottom: 1px solid rgb(238, 238, 238);\"><td style=\"-webkit-tap-highlight-color: transparent; padding: 12px 8px; vertical-align: middle; border-color: transparent;\">01/06/2020</td><td style=\"-webkit-tap-highlight-color: transparent; padding: 12px 8px; vertical-align: middle; border-color: transparent;\">1,000,000</td><td style=\"-webkit-tap-highlight-color: transparent; padding: 12px 8px; vertical-align: middle; border-color: transparent;\"></td><td style=\"-webkit-tap-highlight-color: transparent; padding: 12px 8px; vertical-align: middle; border-color: transparent;\">ONG BA PHAM THANH TRUNG CHIEN DICH TRONG RUNG VUNG T</td></tr><tr style=\"-webkit-tap-highlight-color: transparent; border-bottom: 1px solid rgb(238, 238, 238); background-color: rgb(240, 240, 240);\"><td style=\"-webkit-tap-highlight-color: transparent; padding: 12px 8px; vertical-align: middle; border-color: transparent;\">01/06/2020</td><td style=\"-webkit-tap-highlight-color: transparent; padding: 12px 8px; vertical-align: middle; border-color: transparent;\">90,000</td><td style=\"-webkit-tap-highlight-color: transparent; padding: 12px 8px; vertical-align: middle; border-color: transparent;\">0936427XXX</td><td style=\"-webkit-tap-highlight-color: transparent; padding: 12px 8px; vertical-align: middle; border-color: transparent;\">VUONG MY LINHTRNN VUONG MY LINH</td></tr><tr style=\"-webkit-tap-highlight-color: transparent; border-bottom: 1px solid rgb(238, 238, 238);\"><td style=\"-webkit-tap-highlight-color: transparent; padding: 12px 8px; vertical-align: middle; border-color: transparent;\">02/06/2020</td><td style=\"-webkit-tap-highlight-color: transparent; padding: 12px 8px; vertical-align: middle; border-color: transparent;\">180,000</td><td style=\"-webkit-tap-highlight-color: transparent; padding: 12px 8px; vertical-align: middle; border-color: transparent;\"></td><td style=\"-webkit-tap-highlight-color: transparent; padding: 12px 8px; vertical-align: middle; border-color: transparent;\">TRONG RUNG</td></tr><tr style=\"-webkit-tap-highlight-color: transparent; border-bottom: 1px solid rgb(238, 238, 238); background-color: rgb(240, 240, 240);\"><td style=\"-webkit-tap-highlight-color: transparent; padding: 12px 8px; vertical-align: middle; border-color: transparent;\">02/06/2020</td><td style=\"-webkit-tap-highlight-color: transparent; padding: 12px 8px; vertical-align: middle; border-color: transparent;\">1,200,000</td><td style=\"-webkit-tap-highlight-color: transparent; padding: 12px 8px; vertical-align: middle; border-color: transparent;\"></td><td style=\"-webkit-tap-highlight-color: transparent; padding: 12px 8px; vertical-align: middle; border-color: transparent;\">DUY ANH BAO KHANH HUONG GIANG GOP CAY GAY RUNG SOC TRANG</td></tr><tr style=\"-webkit-tap-highlight-color: transparent; border-bottom: 1px solid rgb(238, 238, 238);\"><td style=\"-webkit-tap-highlight-color: transparent; padding: 12px 8px; vertical-align: middle; border-color: transparent;\">02/06/2020</td><td style=\"-webkit-tap-highlight-color: transparent; padding: 12px 8px; vertical-align: middle; border-color: transparent;\">100,000</td><td style=\"-webkit-tap-highlight-color: transparent; padding: 12px 8px; vertical-align: middle; border-color: transparent;\"></td><td style=\"-webkit-tap-highlight-color: transparent; padding: 12px 8px; vertical-align: middle; border-color: transparent;\">TRONG RUNG</td></tr><tr style=\"-webkit-tap-highlight-color: transparent; border-bottom: 1px solid rgb(238, 238, 238); background-color: rgb(240, 240, 240);\"><td style=\"-webkit-tap-highlight-color: transparent; padding: 12px 8px; vertical-align: middle; border-color: transparent;\">02/06/2020</td><td style=\"-webkit-tap-highlight-color: transparent; padding: 12px 8px; vertical-align: middle; border-color: transparent;\">180,000</td><td style=\"-webkit-tap-highlight-color: transparent; padding: 12px 8px; vertical-align: middle; border-color: transparent;\"></td><td style=\"-webkit-tap-highlight-color: transparent; padding: 12px 8px; vertical-align: middle; border-color: transparent;\">TRONG RUNG NGAP MAN O SOC TRANG</td></tr><tr style=\"-webkit-tap-highlight-color: transparent; border-bottom: 1px solid rgb(238, 238, 238);\"><td style=\"-webkit-tap-highlight-color: transparent; padding: 12px 8px; vertical-align: middle; border-color: transparent;\">02/06/2020</td><td style=\"-webkit-tap-highlight-color: transparent; padding: 12px 8px; vertical-align: middle; border-color: transparent;\">1,000,000</td><td style=\"-webkit-tap-highlight-color: transparent; padding: 12px 8px; vertical-align: middle; border-color: transparent;\"></td><td style=\"-webkit-tap-highlight-color: transparent; padding: 12px 8px; vertical-align: middle; border-color: transparent;\">LE THI NGAN TRONG RUNG BEN VUNG</td></tr><tr style=\"-webkit-tap-highlight-color: transparent; border-bottom: 1px solid rgb(238, 238, 238); background-color: rgb(240, 240, 240);\"><td style=\"-webkit-tap-highlight-color: transparent; padding: 12px 8px; vertical-align: middle; border-color: transparent;\">02/06/2020</td><td style=\"-webkit-tap-highlight-color: transparent; padding: 12px 8px; vertical-align: middle; border-color: transparent;\">200,000</td><td style=\"-webkit-tap-highlight-color: transparent; padding: 12px 8px; vertical-align: middle; border-color: transparent;\"></td><td style=\"-webkit-tap-highlight-color: transparent; padding: 12px 8px; vertical-align: middle; border-color: transparent;\">TRONG RUNG NGAP MAN</td></tr><tr style=\"-webkit-tap-highlight-color: transparent; border-bottom: 1px solid rgb(238, 238, 238);\"><td style=\"-webkit-tap-highlight-color: transparent; padding: 12px 8px; vertical-align: middle; border-color: transparent;\">02/06/2020</td><td style=\"-webkit-tap-highlight-color: transparent; padding: 12px 8px; vertical-align: middle; border-color: transparent;\">100,000</td><td style=\"-webkit-tap-highlight-color: transparent; padding: 12px 8px; vertical-align: middle; border-color: transparent;\">0976657XXX</td><td style=\"-webkit-tap-highlight-color: transparent; padding: 12px 8px; vertical-align: middle; border-color: transparent;\">BUI THU MAI ANHTRMNBUITHUMAIANH</td></tr><tr style=\"-webkit-tap-highlight-color: transparent; border-bottom: 1px solid rgb(238, 238, 238); background-color: rgb(240, 240, 240);\"><td style=\"-webkit-tap-highlight-color: transparent; padding: 12px 8px; vertical-align: middle; border-color: transparent;\">02/06/2020</td><td style=\"-webkit-tap-highlight-color: transparent; padding: 12px 8px; vertical-align: middle; border-color: transparent;\">270,000</td><td style=\"-webkit-tap-highlight-color: transparent; padding: 12px 8px; vertical-align: middle; border-color: transparent;\">0904087XXX</td><td style=\"-webkit-tap-highlight-color: transparent; padding: 12px 8px; vertical-align: middle; border-color: transparent;\">O THUY TRANGTRMN DAO THUY TRANG</td></tr><tr style=\"-webkit-tap-highlight-color: transparent; border-bottom: 1px solid rgb(238, 238, 238);\"><td style=\"-webkit-tap-highlight-color: transparent; padding: 12px 8px; vertical-align: middle; border-color: transparent;\">02/06/2020</td><td style=\"-webkit-tap-highlight-color: transparent; padding: 12px 8px; vertical-align: middle; border-color: transparent;\">90,000</td><td style=\"-webkit-tap-highlight-color: transparent; padding: 12px 8px; vertical-align: middle; border-color: transparent;\"></td><td style=\"-webkit-tap-highlight-color: transparent; padding: 12px 8px; vertical-align: middle; border-color: transparent;\">TRONG RUNG SOC TRANG VAN NHUAN HAO</td></tr><tr style=\"-webkit-tap-highlight-color: transparent; border-bottom: 1px solid rgb(238, 238, 238); background-color: rgb(240, 240, 240);\"><td style=\"-webkit-tap-highlight-color: transparent; padding: 12px 8px; vertical-align: middle; border-color: transparent;\">02/06/2020</td><td style=\"-webkit-tap-highlight-color: transparent; padding: 12px 8px; vertical-align: middle; border-color: transparent;\">200,000</td><td style=\"-webkit-tap-highlight-color: transparent; padding: 12px 8px; vertical-align: middle; border-color: transparent;\"></td><td style=\"-webkit-tap-highlight-color: transparent; padding: 12px 8px; vertical-align: middle; border-color: transparent;\">TRMN HUONG HUONG NG CAY QUACH LIEN HUONG</td></tr><tr style=\"-webkit-tap-highlight-color: transparent; border-bottom: 1px solid rgb(238, 238, 238);\"><td style=\"-webkit-tap-highlight-color: transparent; padding: 12px 8px; vertical-align: middle; border-color: transparent;\">03/06/2020</td><td style=\"-webkit-tap-highlight-color: transparent; padding: 12px 8px; vertical-align: middle; border-color: transparent;\">1,000,000</td><td style=\"-webkit-tap-highlight-color: transparent; padding: 12px 8px; vertical-align: middle; border-color: transparent;\">0919100XXX</td><td style=\"-webkit-tap-highlight-color: transparent; padding: 12px 8px; vertical-align: middle; border-color: transparent;\">TRMNTHAI QUOC ANH</td></tr><tr style=\"-webkit-tap-highlight-color: transparent; border-bottom: 1px solid rgb(238, 238, 238); background-color: rgb(240, 240, 240);\"><td style=\"-webkit-tap-highlight-color: transparent; padding: 12px 8px; vertical-align: middle; border-color: transparent;\">03/06/2020</td><td style=\"-webkit-tap-highlight-color: transparent; padding: 12px 8px; vertical-align: middle; border-color: transparent;\">900,000</td><td style=\"-webkit-tap-highlight-color: transparent; padding: 12px 8px; vertical-align: middle; border-color: transparent;\">0909791XXX</td><td style=\"-webkit-tap-highlight-color: transparent; padding: 12px 8px; vertical-align: middle; border-color: transparent;\">NGUYEN HOANG THU TRANGTRMN THUTRANG</td></tr><tr style=\"-webkit-tap-highlight-color: transparent; border-bottom: 1px solid rgb(238, 238, 238);\"><td style=\"-webkit-tap-highlight-color: transparent; padding: 12px 8px; vertical-align: middle; border-color: transparent;\">03/06/2020</td><td style=\"-webkit-tap-highlight-color: transparent; padding: 12px 8px; vertical-align: middle; border-color: transparent;\">2,000,000</td><td style=\"-webkit-tap-highlight-color: transparent; padding: 12px 8px; vertical-align: middle; border-color: transparent;\"></td><td style=\"-webkit-tap-highlight-color: transparent; padding: 12px 8px; vertical-align: middle; border-color: transparent;\">PHAM THI SAULIAM TRONG RUNG SOC TRANG</td></tr><tr style=\"-webkit-tap-highlight-color: transparent; border-bottom: 1px solid rgb(238, 238, 238); background-color: rgb(240, 240, 240);\"><td style=\"-webkit-tap-highlight-color: transparent; padding: 12px 8px; vertical-align: middle; border-color: transparent;\">03/06/2020</td><td style=\"-webkit-tap-highlight-color: transparent; padding: 12px 8px; vertical-align: middle; border-color: transparent;\">5,000,000</td><td style=\"-webkit-tap-highlight-color: transparent; padding: 12px 8px; vertical-align: middle; border-color: transparent;\"></td><td style=\"-webkit-tap-highlight-color: transparent; padding: 12px 8px; vertical-align: middle; border-color: transparent;\">LAI THI NGOC TUYENTRONG RUNGTRONG RUNG NGAP MAN CHARGEDETAILS OUR</td></tr><tr style=\"-webkit-tap-highlight-color: transparent; border-bottom: 1px solid rgb(238, 238, 238);\"><td style=\"-webkit-tap-highlight-color: transparent; padding: 12px 8px; vertical-align: middle; border-color: transparent;\">04/06/2020</td><td style=\"-webkit-tap-highlight-color: transparent; padding: 12px 8px; vertical-align: middle; border-color: transparent;\">50,000</td><td style=\"-webkit-tap-highlight-color: transparent; padding: 12px 8px; vertical-align: middle; border-color: transparent;\"></td><td style=\"-webkit-tap-highlight-color: transparent; padding: 12px 8px; vertical-align: middle; border-color: transparent;\">TRONG RUNG VUNG DAT MAI TRUC LINH</td></tr><tr style=\"-webkit-tap-highlight-color: transparent; border-bottom: 1px solid rgb(238, 238, 238); background-color: rgb(240, 240, 240);\"><td style=\"-webkit-tap-highlight-color: transparent; padding: 12px 8px; vertical-align: middle; border-color: transparent;\">05/06/2020</td><td style=\"-webkit-tap-highlight-color: transparent; padding: 12px 8px; vertical-align: middle; border-color: transparent;\">500,000</td><td style=\"-webkit-tap-highlight-color: transparent; padding: 12px 8px; vertical-align: middle; border-color: transparent;\"></td><td style=\"-webkit-tap-highlight-color: transparent; padding: 12px 8px; vertical-align: middle; border-color: transparent;\">TRONG RUNG</td></tr><tr style=\"-webkit-tap-highlight-color: transparent; border-bottom: 1px solid rgb(238, 238, 238);\"><td style=\"-webkit-tap-highlight-color: transparent; padding: 12px 8px; vertical-align: middle; border-color: transparent;\">05/06/2020</td><td style=\"-webkit-tap-highlight-color: transparent; padding: 12px 8px; vertical-align: middle; border-color: transparent;\">5,000,000</td><td style=\"-webkit-tap-highlight-color: transparent; padding: 12px 8px; vertical-align: middle; border-color: transparent;\"></td><td style=\"-webkit-tap-highlight-color: transparent; padding: 12px 8px; vertical-align: middle; border-color: transparent;\">TRONG RUNG NGAP MAN</td></tr><tr style=\"-webkit-tap-highlight-color: transparent; border-bottom: 1px solid rgb(238, 238, 238); background-color: rgb(240, 240, 240);\"><td style=\"-webkit-tap-highlight-color: transparent; padding: 12px 8px; vertical-align: middle; border-color: transparent;\">07/06/2020</td><td style=\"-webkit-tap-highlight-color: transparent; padding: 12px 8px; vertical-align: middle; border-color: transparent;\">300,000</td><td style=\"-webkit-tap-highlight-color: transparent; padding: 12px 8px; vertical-align: middle; border-color: transparent;\">0903857XXX</td><td style=\"-webkit-tap-highlight-color: transparent; padding: 12px 8px; vertical-align: middle; border-color: transparent;\">TRMN NGUYEN THI MAI LOAN</td></tr><tr style=\"-webkit-tap-highlight-color: transparent; border-bottom: 1px solid rgb(238, 238, 238);\"><td style=\"-webkit-tap-highlight-color: transparent; padding: 12px 8px; vertical-align: middle; border-color: transparent;\">07/06/2020</td><td style=\"-webkit-tap-highlight-color: transparent; padding: 12px 8px; vertical-align: middle; border-color: transparent;\">90,000</td><td style=\"-webkit-tap-highlight-color: transparent; padding: 12px 8px; vertical-align: middle; border-color: transparent;\"></td><td style=\"-webkit-tap-highlight-color: transparent; padding: 12px 8px; vertical-align: middle; border-color: transparent;\">CHIEN DICH TRONG RUNG</td></tr><tr style=\"-webkit-tap-highlight-color: transparent; border-bottom: 1px solid rgb(238, 238, 238); background-color: rgb(240, 240, 240);\"><td style=\"-webkit-tap-highlight-color: transparent; padding: 12px 8px; vertical-align: middle; border-color: transparent;\">07/06/2020</td><td style=\"-webkit-tap-highlight-color: transparent; padding: 12px 8px; vertical-align: middle; border-color: transparent;\">270,000</td><td style=\"-webkit-tap-highlight-color: transparent; padding: 12px 8px; vertical-align: middle; border-color: transparent;\">0973941XXX</td><td style=\"-webkit-tap-highlight-color: transparent; padding: 12px 8px; vertical-align: middle; border-color: transparent;\">TRMN THAO NGUYEN</td></tr><tr style=\"-webkit-tap-highlight-color: transparent; border-bottom: 1px solid rgb(238, 238, 238);\"><td style=\"-webkit-tap-highlight-color: transparent; padding: 12px 8px; vertical-align: middle; border-color: transparent;\">08/06/2020</td><td style=\"-webkit-tap-highlight-color: transparent; padding: 12px 8px; vertical-align: middle; border-color: transparent;\">100,000</td><td style=\"-webkit-tap-highlight-color: transparent; padding: 12px 8px; vertical-align: middle; border-color: transparent;\">0399990XXX</td><td style=\"-webkit-tap-highlight-color: transparent; padding: 12px 8px; vertical-align: middle; border-color: transparent;\">TRMNNGO THI TO UYEN SWIFT CODE BVVNVX</td></tr><tr style=\"-webkit-tap-highlight-color: transparent; border-bottom: 1px solid rgb(238, 238, 238); background-color: rgb(240, 240, 240);\"><td style=\"-webkit-tap-highlight-color: transparent; padding: 12px 8px; vertical-align: middle; border-color: transparent;\">08/06/2020</td><td style=\"-webkit-tap-highlight-color: transparent; padding: 12px 8px; vertical-align: middle; border-color: transparent;\">180,000</td><td style=\"-webkit-tap-highlight-color: transparent; padding: 12px 8px; vertical-align: middle; border-color: transparent;\">0981352XXX</td><td style=\"-webkit-tap-highlight-color: transparent; padding: 12px 8px; vertical-align: middle; border-color: transparent;\">TRNN DANG HUYEN</td></tr><tr style=\"-webkit-tap-highlight-color: transparent; border-bottom: 1px solid rgb(238, 238, 238);\"><td style=\"-webkit-tap-highlight-color: transparent; padding: 12px 8px; vertical-align: middle; border-color: transparent;\">08/06/2020</td><td style=\"-webkit-tap-highlight-color: transparent; padding: 12px 8px; vertical-align: middle; border-color: transparent;\">360,000</td><td style=\"-webkit-tap-highlight-color: transparent; padding: 12px 8px; vertical-align: middle; border-color: transparent;\">0984375XXX</td><td style=\"-webkit-tap-highlight-color: transparent; padding: 12px 8px; vertical-align: middle; border-color: transparent;\">HO THU HUYENTRNNHOTHUHUYEN</td></tr><tr style=\"-webkit-tap-highlight-color: transparent; border-bottom: 1px solid rgb(238, 238, 238); background-color: rgb(240, 240, 240);\"><td style=\"-webkit-tap-highlight-color: transparent; padding: 12px 8px; vertical-align: middle; border-color: transparent;\">08/06/2020</td><td style=\"-webkit-tap-highlight-color: transparent; padding: 12px 8px; vertical-align: middle; border-color: transparent;\">450,000</td><td style=\"-webkit-tap-highlight-color: transparent; padding: 12px 8px; vertical-align: middle; border-color: transparent;\"></td><td style=\"-webkit-tap-highlight-color: transparent; padding: 12px 8px; vertical-align: middle; border-color: transparent;\">CHAU HUNG TRUCTRMN</td></tr><tr style=\"-webkit-tap-highlight-color: transparent; border-bottom: 1px solid rgb(238, 238, 238);\"><td style=\"-webkit-tap-highlight-color: transparent; padding: 12px 8px; vertical-align: middle; border-color: transparent;\">09/06/2020</td><td style=\"-webkit-tap-highlight-color: transparent; padding: 12px 8px; vertical-align: middle; border-color: transparent;\">270,000</td><td style=\"-webkit-tap-highlight-color: transparent; padding: 12px 8px; vertical-align: middle; border-color: transparent;\">0909266XXX</td><td style=\"-webkit-tap-highlight-color: transparent; padding: 12px 8px; vertical-align: middle; border-color: transparent;\">TRMN TRA VO</td></tr><tr style=\"-webkit-tap-highlight-color: transparent; border-bottom: 1px solid rgb(238, 238, 238); background-color: rgb(240, 240, 240);\"><td style=\"-webkit-tap-highlight-color: transparent; padding: 12px 8px; vertical-align: middle; border-color: transparent;\">09/06/2020</td><td style=\"-webkit-tap-highlight-color: transparent; padding: 12px 8px; vertical-align: middle; border-color: transparent;\">200,000</td><td style=\"-webkit-tap-highlight-color: transparent; padding: 12px 8px; vertical-align: middle; border-color: transparent;\"></td><td style=\"-webkit-tap-highlight-color: transparent; padding: 12px 8px; vertical-align: middle; border-color: transparent;\">TRONG RUNG NGAP MAN</td></tr><tr style=\"-webkit-tap-highlight-color: transparent; border-bottom: 1px solid rgb(238, 238, 238);\"><td style=\"-webkit-tap-highlight-color: transparent; padding: 12px 8px; vertical-align: middle; border-color: transparent;\">10/06/2020</td><td style=\"-webkit-tap-highlight-color: transparent; padding: 12px 8px; vertical-align: middle; border-color: transparent;\">1,800,000</td><td style=\"-webkit-tap-highlight-color: transparent; padding: 12px 8px; vertical-align: middle; border-color: transparent;\"></td><td style=\"-webkit-tap-highlight-color: transparent; padding: 12px 8px; vertical-align: middle; border-color: transparent;\">DU AN TRONG RUNG NGAP MAN</td></tr><tr style=\"-webkit-tap-highlight-color: transparent; border-bottom: 1px solid rgb(238, 238, 238); background-color: rgb(240, 240, 240);\"><td style=\"-webkit-tap-highlight-color: transparent; padding: 12px 8px; vertical-align: middle; border-color: transparent;\">10/06/2020</td><td style=\"-webkit-tap-highlight-color: transparent; padding: 12px 8px; vertical-align: middle; border-color: transparent;\">500,000</td><td style=\"-webkit-tap-highlight-color: transparent; padding: 12px 8px; vertical-align: middle; border-color: transparent;\"></td><td style=\"-webkit-tap-highlight-color: transparent; padding: 12px 8px; vertical-align: middle; border-color: transparent;\">LUU THI BICH THUY CHIEN DICH TRONG RUNG T VUNG</td></tr><tr style=\"-webkit-tap-highlight-color: transparent; border-bottom: 1px solid rgb(238, 238, 238);\"><td style=\"-webkit-tap-highlight-color: transparent; padding: 12px 8px; vertical-align: middle; border-color: transparent;\">15/06/2020</td><td style=\"-webkit-tap-highlight-color: transparent; padding: 12px 8px; vertical-align: middle; border-color: transparent;\">500,000</td><td style=\"-webkit-tap-highlight-color: transparent; padding: 12px 8px; vertical-align: middle; border-color: transparent;\"></td><td style=\"-webkit-tap-highlight-color: transparent; padding: 12px 8px; vertical-align: middle; border-color: transparent;\">TRONG RUNG NGAP MAN</td></tr><tr style=\"-webkit-tap-highlight-color: transparent; border-bottom: 1px solid rgb(238, 238, 238); background-color: rgb(240, 240, 240);\"><td style=\"-webkit-tap-highlight-color: transparent; padding: 12px 8px; vertical-align: middle; border-color: transparent;\">17/06/2020</td><td style=\"-webkit-tap-highlight-color: transparent; padding: 12px 8px; vertical-align: middle; border-color: transparent;\">500,000</td><td style=\"-webkit-tap-highlight-color: transparent; padding: 12px 8px; vertical-align: middle; border-color: transparent;\"></td><td style=\"-webkit-tap-highlight-color: transparent; padding: 12px 8px; vertical-align: middle; border-color: transparent;\">LINHMEO TRONG RUNG NGAP MAN</td></tr><tr style=\"-webkit-tap-highlight-color: transparent; border-bottom: 1px solid rgb(238, 238, 238);\"><td style=\"-webkit-tap-highlight-color: transparent; padding: 12px 8px; vertical-align: middle; border-color: transparent;\">30/06/2020</td><td style=\"-webkit-tap-highlight-color: transparent; padding: 12px 8px; vertical-align: middle; border-color: transparent;\">800,000</td><td style=\"-webkit-tap-highlight-color: transparent; padding: 12px 8px; vertical-align: middle; border-color: transparent;\"></td><td style=\"-webkit-tap-highlight-color: transparent; padding: 12px 8px; vertical-align: middle; border-color: transparent;\">SIMPLE BAPAERS TRONG RUNG HPX THANG</td></tr><tr style=\"-webkit-tap-highlight-color: transparent; border-bottom: 1px solid rgb(238, 238, 238); background-color: rgb(240, 240, 240);\"><td style=\"-webkit-tap-highlight-color: transparent; padding: 12px 8px; vertical-align: middle; border-color: transparent;\">30/06/2020</td><td style=\"-webkit-tap-highlight-color: transparent; padding: 12px 8px; vertical-align: middle; border-color: transparent;\">90,000</td><td style=\"-webkit-tap-highlight-color: transparent; padding: 12px 8px; vertical-align: middle; border-color: transparent;\"></td><td style=\"-webkit-tap-highlight-color: transparent; padding: 12px 8px; vertical-align: middle; border-color: transparent;\">NGUYEN THUY NGATRONG RUNG NGAP MAN</td></tr><tr style=\"-webkit-tap-highlight-color: transparent; border-bottom: 1px solid rgb(238, 238, 238);\"><td style=\"-webkit-tap-highlight-color: transparent; padding: 12px 8px; vertical-align: middle; border-color: transparent;\">08/07/2020</td><td style=\"-webkit-tap-highlight-color: transparent; padding: 12px 8px; vertical-align: middle; border-color: transparent;\">180,000</td><td style=\"-webkit-tap-highlight-color: transparent; padding: 12px 8px; vertical-align: middle; border-color: transparent;\">0784099XXX</td><td style=\"-webkit-tap-highlight-color: transparent; padding: 12px 8px; vertical-align: middle; border-color: transparent;\">TRNN MAI THANH DAT</td></tr><tr style=\"-webkit-tap-highlight-color: transparent; border-bottom: 1px solid rgb(238, 238, 238); background-color: rgb(240, 240, 240);\"><td style=\"-webkit-tap-highlight-color: transparent; padding: 12px 8px; vertical-align: middle; border-color: transparent;\">17/07/2020</td><td style=\"-webkit-tap-highlight-color: transparent; padding: 12px 8px; vertical-align: middle; border-color: transparent;\">215,000,000</td><td style=\"-webkit-tap-highlight-color: transparent; padding: 12px 8px; vertical-align: middle; border-color: transparent;\"></td><td style=\"-webkit-tap-highlight-color: transparent; padding: 12px 8px; vertical-align: middle; border-color: transparent;\">CONG TY TNHH GRABF MKTRCM GRAB THANH TOAN TIEN TAI TRO TRONG RUNG NGAP MAN CHO QUY PHAT TRIEN CONG DONG DOION TO PLANT TREES IN SOC TRANG (GRABFORGOOD)</td></tr><tr style=\"-webkit-tap-highlight-color: transparent; border-bottom: 0px;\"><td style=\"-webkit-tap-highlight-color: transparent; padding: 12px 8px; vertical-align: middle; border-color: transparent;\">09/11/2020</td><td style=\"-webkit-tap-highlight-color: transparent; padding: 12px 8px; vertical-align: middle; border-color: transparent;\">1,000,000</td><td style=\"-webkit-tap-highlight-color: transparent; padding: 12px 8px; vertical-align: middle; border-color: transparent;\">0909907XXX</td><td style=\"-webkit-tap-highlight-color: transparent; padding: 12px 8px; vertical-align: middle; border-color: transparent;\">TRONG RUNG VINH CHAU NGUYEN THI HOANG NGAN</td></tr></tbody></table></figure>', '2021-12-01 10:08:23', NULL, 1, 'Hạnh-Phúc-Xanh:-Công-bố-Danh-sách-Người-ủng-hộ-dự-án-Trồng-rừng-Ngập-mặn-2020', 'b83f7e94f0942d962b3ae6341234e9fd.png');
INSERT INTO `tblposts` (`id`, `PostTitle`, `CategoryId`, `SubCategoryId`, `PostDetails`, `PostingDate`, `UpdationDate`, `Is_Active`, `PostUrl`, `PostImage`) VALUES
(35, 'Quỹ Sống công bố danh sách đóng góp theo Sao kê từ Ngân hàng', 11, 16, '<div class=\"row\" style=\"-webkit-tap-highlight-color: transparent; margin-left: -15px; margin-right: -15px; color: rgb(60, 72, 88); font-family: &quot;Source Serif Pro&quot;; font-size: 18px;\"><div class=\"col-md-12\" style=\"-webkit-tap-highlight-color: transparent; padding-left: 15px; padding-right: 15px; width: 780px;\"><img alt=\"\" data-src=\"https://song.org.vn/wp-content/uploads/1-optimized.jpg\" class=\"wp-post-image image-in-page lazyloaded\" src=\"https://song.org.vn/wp-content/uploads/1-optimized.jpg\" style=\"-webkit-tap-highlight-color: transparent; max-width: 100%; height: auto; margin-bottom: 30px; opacity: 1; transition: opacity 400ms ease 0ms;\"></div></div><p style=\"-webkit-tap-highlight-color: transparent; margin-bottom: 15px; line-height: 1.618; color: rgb(60, 72, 88); font-family: &quot;Source Serif Pro&quot;; font-size: 18px;\">Thưa các anh chị,<br style=\"-webkit-tap-highlight-color: transparent;\">Thay mặt Quỹ Sống, chúng tôi xin gửi lời cảm ơn sâu sắc đến các tổ chức và cá nhân đã tham gia đóng góp cho các hoạt động và chiến dịch của Quỹ.</p><p style=\"-webkit-tap-highlight-color: transparent; margin-bottom: 15px; line-height: 1.618; color: rgb(60, 72, 88); font-family: &quot;Source Serif Pro&quot;; font-size: 18px;\">Chúng tôi xin phép công bố danh sách những người đã ủng hộ chương trình trong danh sách dưới đây.</p><p><iframe width=\"800\" height=\"600\" data-src=\"https://docs.google.com/spreadsheets/d/e/2PACX-1vQyxF7t8q6Vp-3YOopPlCIDqzoc8fvfapDbp3iErti46Ct465VxYkDLT3ebv6uvGMn7Vv2BEXXOgbzo/pubhtml?widget=true&amp;headers=false\" class=\" lazyloaded\" src=\"data:image/gif;base64,R0lGODlhAQABAAAAACH5BAEKAAEALAAAAAABAAEAAAICTAEAOw==\" style=\"-webkit-tap-highlight-color: transparent; max-width: 100%; opacity: 1; transition: opacity 400ms ease 0ms; color: rgb(60, 72, 88); font-family: &quot;Source Serif Pro&quot;; font-size: 18px;\"></iframe><span style=\"color: rgb(60, 72, 88); font-family: &quot;Source Serif Pro&quot;; font-size: 18px;\"></span></p><div id=\"wp-block-themeisle-blocks-button-group-b424528d\" class=\"wp-block-themeisle-blocks-button-group wp-block-buttons align-center\" style=\"-webkit-tap-highlight-color: transparent; display: flex; flex-flow: row wrap; column-gap: 0.5em; justify-content: center; color: rgb(60, 72, 88); font-family: &quot;Source Serif Pro&quot;; font-size: 18px;\"><div id=\"wp-block-themeisle-blocks-button-c8924b64\" class=\"wp-block-themeisle-blocks-button wp-block-button is-style-outline\" style=\"-webkit-tap-highlight-color: transparent; display: inline-block; margin-left: 0px; margin-right: 20px; margin-bottom: 0.5em;\"><a href=\"https://docs.google.com/spreadsheets/u/3/d/e/2PACX-1vQyxF7t8q6Vp-3YOopPlCIDqzoc8fvfapDbp3iErti46Ct465VxYkDLT3ebv6uvGMn7Vv2BEXXOgbzo/pubhtml\" target=\"_self\" rel=\"noopener noreferrer\" class=\"wp-block-button__link\" style=\"-webkit-tap-highlight-color: transparent; background: rgb(255, 255, 255); color: rgb(0, 96, 96); transition: all 0.3s ease 0s; border-radius: 9999px; box-shadow: none; cursor: pointer; display: inline-block; font-size: 1.125em; padding: 0.667em 1.333em; text-align: center; overflow-wrap: break-word; border: 2px solid;\"><span style=\"-webkit-tap-highlight-color: transparent;\"><strong style=\"-webkit-tap-highlight-color: transparent;\">Xem chi tiết</strong></span></a></div></div><p style=\"-webkit-tap-highlight-color: transparent; margin-bottom: 15px; line-height: 1.618; color: rgb(60, 72, 88); font-family: &quot;Source Serif Pro&quot;; font-size: 18px;\">Xin chân thành cảm ơn anh chị!</p><p style=\"-webkit-tap-highlight-color: transparent; margin-bottom: 15px; line-height: 1.618; color: rgb(60, 72, 88); font-family: &quot;Source Serif Pro&quot;; font-size: 18px;\">Quỹ Sống</p>', '2021-12-01 10:09:41', '2021-12-01 11:22:12', 1, 'Quỹ-Sống-công-bố-danh-sách-đóng-góp-theo-Sao-kê-từ-Ngân-hàng', 'f24010025214f7b8b021f38e05e38632.jpg'),
(36, '41,000 cây Thanh Thất được trồng tại rừng phòng hộ Thuận Nam', 8, 17, '<div class=\"row\" style=\"-webkit-tap-highlight-color: transparent; margin-left: -15px; margin-right: -15px; color: rgb(60, 72, 88); font-family: &quot;Source Serif Pro&quot;; font-size: 18px;\"><div class=\"col-md-12\" style=\"-webkit-tap-highlight-color: transparent; padding-left: 15px; padding-right: 15px; width: 780px;\"><img alt=\"\" data-src=\"https://song.org.vn/wp-content/uploads/252020681_915606919070121_6992786831743505790_n.jpg\" class=\"wp-post-image image-in-page lazyloaded\" src=\"https://song.org.vn/wp-content/uploads/252020681_915606919070121_6992786831743505790_n.jpg\" style=\"-webkit-tap-highlight-color: transparent; max-width: 100%; height: auto; margin-bottom: 30px; opacity: 1; transition: opacity 400ms ease 0ms;\"></div></div><p style=\"-webkit-tap-highlight-color: transparent; margin-bottom: 15px; line-height: 1.618; color: rgb(60, 72, 88); font-family: &quot;Source Serif Pro&quot;; font-size: 18px;\"><em style=\"-webkit-tap-highlight-color: transparent;\">Với sự chung tay của đội ngũ các bạn dự án và sự giúp sức từ bà con người Chăm và Raglai, Dự án Hạnh Phúc Xanh đã hoàn thành mục tiêu trồng rừng trong năm 2021.</em></p><p style=\"-webkit-tap-highlight-color: transparent; margin-bottom: 15px; line-height: 1.618; color: rgb(60, 72, 88); font-family: &quot;Source Serif Pro&quot;; font-size: 18px;\">Mọi hoạt động từ chuyển cây lên bãi trồng và trồng cây của dự án đều có sự giúp sức nhiệt tình từ bà con người Chăm và Raglai. Do địa hình đầy đá tảng, dốc đứng và những con đường quanh co trên dốc núi, nên việc vận chuyển cây và trồng rừng đều không thể dùng máy móc. Mọi công việc từ gùi cây, đào hố và trồng rừng đều từ công sức vất vả của bà con người Chăm và người Raglai.</p><figure class=\"wp-block-image size-large\" style=\"-webkit-tap-highlight-color: transparent; margin-bottom: 1em; color: rgb(60, 72, 88); font-family: &quot;Source Serif Pro&quot;; font-size: 18px;\"><img width=\"1024\" height=\"682\" alt=\"\" data-srcset=\"https://song.org.vn/wp-content/uploads/252018224_915607395736740_8740614759945402410_n-1024x682.jpg 1024w, https://song.org.vn/wp-content/uploads/252018224_915607395736740_8740614759945402410_n-300x200.jpg 300w, https://song.org.vn/wp-content/uploads/252018224_915607395736740_8740614759945402410_n-768x512.jpg 768w, https://song.org.vn/wp-content/uploads/252018224_915607395736740_8740614759945402410_n-1536x1023.jpg 1536w, https://song.org.vn/wp-content/uploads/252018224_915607395736740_8740614759945402410_n-360x240.jpg 360w, https://song.org.vn/wp-content/uploads/252018224_915607395736740_8740614759945402410_n.jpg 2048w\" data-src=\"https://song.org.vn/wp-content/uploads/252018224_915607395736740_8740614759945402410_n-1024x682.jpg\" data-sizes=\"(max-width: 1024px) 100vw, 1024px\" class=\"wp-image-14878 lazyloaded\" src=\"https://song.org.vn/wp-content/uploads/252018224_915607395736740_8740614759945402410_n-1024x682.jpg\" sizes=\"(max-width: 1024px) 100vw, 1024px\" srcset=\"https://song.org.vn/wp-content/uploads/252018224_915607395736740_8740614759945402410_n-1024x682.jpg 1024w, https://song.org.vn/wp-content/uploads/252018224_915607395736740_8740614759945402410_n-300x200.jpg 300w, https://song.org.vn/wp-content/uploads/252018224_915607395736740_8740614759945402410_n-768x512.jpg 768w, https://song.org.vn/wp-content/uploads/252018224_915607395736740_8740614759945402410_n-1536x1023.jpg 1536w, https://song.org.vn/wp-content/uploads/252018224_915607395736740_8740614759945402410_n-360x240.jpg 360w, https://song.org.vn/wp-content/uploads/252018224_915607395736740_8740614759945402410_n.jpg 2048w\" style=\"-webkit-tap-highlight-color: transparent; max-width: 100%; height: auto; opacity: 1; transition: opacity 400ms ease 0ms; border-radius: inherit;\"><figcaption style=\"-webkit-tap-highlight-color: transparent; margin-top: 0.5em; margin-bottom: 1em;\"><em style=\"-webkit-tap-highlight-color: transparent;\">Công việc trồng rừng được sự hỗ trợ tận tình của bà con người Chăm và người Raglai. Ảnh: Dự án Hạnh Phúc Xanh</em></figcaption></figure><p style=\"-webkit-tap-highlight-color: transparent; margin-bottom: 15px; line-height: 1.618; color: rgb(60, 72, 88); font-family: &quot;Source Serif Pro&quot;; font-size: 18px;\">Sau bao nhiêu khó khăn, dưới cái nắng chói chang, sau những công sức và những giọt mồ hôi đổ xuống đất cát, những cây con cuối cùng của năm 2021 đã được tiếp đất. Chúng ta tiến thêm một bước đến ước mơ những&nbsp;<a href=\"https://song.org.vn/hanh-phuc-xanh/\" style=\"-webkit-tap-highlight-color: transparent; color: rgb(90, 163, 161); transition: all 0.3s ease 0s;\">ngọn đồi xanh tươ</a>i trở lại, giữ gìn những giọt nước ngọt quý giá cho Ninh Thuận thân yêu đang khát cháy</p><figure class=\"wp-block-image size-large\" style=\"-webkit-tap-highlight-color: transparent; margin-bottom: 1em; color: rgb(60, 72, 88); font-family: &quot;Source Serif Pro&quot;; font-size: 18px;\"><img width=\"1024\" height=\"682\" alt=\"\" data-srcset=\"https://song.org.vn/wp-content/uploads/252394184_915609215736558_3792742989539990129_n-1024x682.jpg 1024w, https://song.org.vn/wp-content/uploads/252394184_915609215736558_3792742989539990129_n-300x200.jpg 300w, https://song.org.vn/wp-content/uploads/252394184_915609215736558_3792742989539990129_n-768x512.jpg 768w, https://song.org.vn/wp-content/uploads/252394184_915609215736558_3792742989539990129_n-1536x1023.jpg 1536w, https://song.org.vn/wp-content/uploads/252394184_915609215736558_3792742989539990129_n-360x240.jpg 360w, https://song.org.vn/wp-content/uploads/252394184_915609215736558_3792742989539990129_n.jpg 2048w\" data-src=\"https://song.org.vn/wp-content/uploads/252394184_915609215736558_3792742989539990129_n-1024x682.jpg\" data-sizes=\"(max-width: 1024px) 100vw, 1024px\" class=\"wp-image-14879 lazyloaded\" src=\"https://song.org.vn/wp-content/uploads/252394184_915609215736558_3792742989539990129_n-1024x682.jpg\" sizes=\"(max-width: 1024px) 100vw, 1024px\" srcset=\"https://song.org.vn/wp-content/uploads/252394184_915609215736558_3792742989539990129_n-1024x682.jpg 1024w, https://song.org.vn/wp-content/uploads/252394184_915609215736558_3792742989539990129_n-300x200.jpg 300w, https://song.org.vn/wp-content/uploads/252394184_915609215736558_3792742989539990129_n-768x512.jpg 768w, https://song.org.vn/wp-content/uploads/252394184_915609215736558_3792742989539990129_n-1536x1023.jpg 1536w, https://song.org.vn/wp-content/uploads/252394184_915609215736558_3792742989539990129_n-360x240.jpg 360w, https://song.org.vn/wp-content/uploads/252394184_915609215736558_3792742989539990129_n.jpg 2048w\" style=\"-webkit-tap-highlight-color: transparent; max-width: 100%; height: auto; opacity: 1; transition: opacity 400ms ease 0ms; border-radius: inherit;\"><figcaption style=\"-webkit-tap-highlight-color: transparent; margin-top: 0.5em; margin-bottom: 1em;\"><em style=\"-webkit-tap-highlight-color: transparent;\">Mục tiêu trồng rừng năm 2021 của Dự án Hạnh Phúc Xanh đã hoàn thành. Ảnh</em></figcaption></figure><p style=\"-webkit-tap-highlight-color: transparent; margin-bottom: 15px; line-height: 1.618; color: rgb(60, 72, 88); font-family: &quot;Source Serif Pro&quot;; font-size: 18px;\">Xin trân trọng cảm ơn, bà con người Chăm và Raglai, các bạn trong dự án&nbsp;<a href=\"https://www.facebook.com/hanhphucxanh2018/posts/915607695736710\" style=\"-webkit-tap-highlight-color: transparent; color: rgb(90, 163, 161); transition: all 0.3s ease 0s;\">Hạnh Phúc Xanh</a>&nbsp;và Ban Quản lý rừng phòng hộ ven biển Thuận Nam. Chúng tôi cũng xin được cảm ơn tới những người đã đóng góp thầm lặng và đồng hành cùng dự án Hạnh Phúc Xanh và&nbsp;<a href=\"https://www.facebook.com/songfoundation\" style=\"-webkit-tap-highlight-color: transparent; color: rgb(90, 163, 161); transition: all 0.3s ease 0s;\">Quỹ Sống</a>&nbsp;trong hành trình ý nghĩa này.</p>', '2021-12-01 11:34:03', NULL, 1, '41,000-cây-Thanh-Thất-được-trồng-tại-rừng-phòng-hộ-Thuận-Nam', '16d96ebe06169aa5b7ebf909d68aaf56.jpg');

-- --------------------------------------------------------

--
-- Cấu trúc bảng cho bảng `tblsubcategory`
--

CREATE TABLE `tblsubcategory` (
  `SubCategoryId` int(11) NOT NULL,
  `CategoryId` int(11) DEFAULT NULL,
  `Subcategory` varchar(255) CHARACTER SET utf8mb4 COLLATE utf8mb4_unicode_ci DEFAULT NULL,
  `SubCatDescription` mediumtext CHARACTER SET utf8mb4 COLLATE utf8mb4_unicode_ci DEFAULT NULL,
  `PostingDate` timestamp NOT NULL DEFAULT current_timestamp(),
  `UpdationDate` timestamp NULL DEFAULT NULL,
  `Is_Active` int(1) DEFAULT NULL
) ENGINE=InnoDB DEFAULT CHARSET=latin1;

--
-- Đang đổ dữ liệu cho bảng `tblsubcategory`
--

INSERT INTO `tblsubcategory` (`SubCategoryId`, `CategoryId`, `Subcategory`, `SubCatDescription`, `PostingDate`, `UpdationDate`, `Is_Active`) VALUES
(11, 8, 'Chương trình nhà chống lũ', 'Khởi xướng năm 2013, Nhà Chống Lũ là dự án phát triển cộng đồng với mục đích xây nhà an toàn và phát triển sinh kế bền vững cho người dân nghèo tại các vùng chịu ảnh hưởng bởi thiên tai và biến đổi khí hậu.', '2021-11-29 02:49:04', NULL, 1),
(12, 8, 'Chương trình hạnh phúc xanh', 'Ra mắt năm 2018, Hạnh Phúc Xanh là chương trình thúc đẩy cộng đồng trồng cây nhằm tăng mật độ cây xanh; tăng sự kết nối giữa con người và tự nhiên và giữa con người với con người, từ đó được bảo vệ và sống hạnh phúc hơn.', '2021-11-29 02:49:19', NULL, 1),
(14, 10, 'Tin tức', 'Các tin tức về lũ lụt miền trung', '2021-11-29 22:10:41', NULL, 1),
(15, 11, 'Thư mời hợp tác', 'Thư mời hợp tác của các bên tình nguyện', '2021-11-29 22:11:00', NULL, 1),
(16, 11, 'Tin tài trợ', 'Tin tức tài trợ', '2021-11-29 22:11:24', NULL, 1),
(17, 8, 'Chương trình river', 'Chương trình River Ơi lấy trọng tâm là các dự án nâng cao năng lực, thúc đẩy đầu tư cho đề tài nghiên cứu về phát triển bền vững, đưa nghệ thuật vào các hoạt động cộng đồng để mở rộng đối thoại, truyền thông về các góc nhìn mới, từ đó đề xuất những sáng kiến tới chính quyền và cộng đồng.', '2021-11-29 22:56:46', NULL, 1),
(18, 10, 'Sự kiện', 'Sự kiện khác', '2021-11-30 23:42:23', NULL, 1);

--
-- Chỉ mục cho các bảng đã đổ
--

--
-- Chỉ mục cho bảng `tbladmin`
--
ALTER TABLE `tbladmin`
  ADD PRIMARY KEY (`id`);

--
-- Chỉ mục cho bảng `tblcategory`
--
ALTER TABLE `tblcategory`
  ADD PRIMARY KEY (`id`);

--
-- Chỉ mục cho bảng `tblcomments`
--
ALTER TABLE `tblcomments`
  ADD PRIMARY KEY (`id`);

--
-- Chỉ mục cho bảng `tblposts`
--
ALTER TABLE `tblposts`
  ADD PRIMARY KEY (`id`);

--
-- Chỉ mục cho bảng `tblsubcategory`
--
ALTER TABLE `tblsubcategory`
  ADD PRIMARY KEY (`SubCategoryId`);

--
-- AUTO_INCREMENT cho các bảng đã đổ
--

--
-- AUTO_INCREMENT cho bảng `tbladmin`
--
ALTER TABLE `tbladmin`
  MODIFY `id` int(11) NOT NULL AUTO_INCREMENT, AUTO_INCREMENT=2;

--
-- AUTO_INCREMENT cho bảng `tblcategory`
--
ALTER TABLE `tblcategory`
  MODIFY `id` int(11) NOT NULL AUTO_INCREMENT, AUTO_INCREMENT=14;

--
-- AUTO_INCREMENT cho bảng `tblcomments`
--
ALTER TABLE `tblcomments`
  MODIFY `id` int(11) NOT NULL AUTO_INCREMENT, AUTO_INCREMENT=19;

--
-- AUTO_INCREMENT cho bảng `tblposts`
--
ALTER TABLE `tblposts`
  MODIFY `id` int(11) NOT NULL AUTO_INCREMENT, AUTO_INCREMENT=37;

--
-- AUTO_INCREMENT cho bảng `tblsubcategory`
--
ALTER TABLE `tblsubcategory`
  MODIFY `SubCategoryId` int(11) NOT NULL AUTO_INCREMENT, AUTO_INCREMENT=19;
COMMIT;

/*!40101 SET CHARACTER_SET_CLIENT=@OLD_CHARACTER_SET_CLIENT */;
/*!40101 SET CHARACTER_SET_RESULTS=@OLD_CHARACTER_SET_RESULTS */;
/*!40101 SET COLLATION_CONNECTION=@OLD_COLLATION_CONNECTION */;
